Brand_ID,Brand_Name,Classification,Price,quality,fixed_acidity,volatile_acidity,citric_acid,residual_sugar,chlorides,free_sulfur_dioxide,total_sulfur_dioxide,density,pH,sulphates,alcohol,free_chlorides
R-1111,Blue Carriage Vintners,Red,14.99,5,5.94,0.3296,0.3895,6.984,0.04752,56.1,172.66,1.0849533,3.488,0.4186,9.494,0.049166625
R-1112,Thirsty Writer Vintners,Red,8.99,4,6.75,0.3502,0.228,3.7345,0.03069,5.1,32.98,1.0801682,3.2809,0.3276,11.918,0.054807079
R-1113,Abnormally Normal Wine,Red,14.99,6,6.75,0.7313,0,1.552,0.09108,22.44,30.07,1.0860215,3.6842,0.5278,10.1,0.035328426
R-1114,Singlewave Vines,Red,14.99,5,6.21,0.412,0.228,2.425,0.08217,30.6,43.65,1.085531,3.5534,0.5278,10.1,0.053603887
R-1115,Another Vineyards,Red,17.99,6,7.56,0.5974,0.2565,11.7855,0.03267,37.74,112.52,1.085531,3.2591,0.3549,10.908,0.026440719
R-1116,Underdog,Red,14.99,6,6.3,0.2369,0.3135,0.97,0.04257,46.92,106.7,1.0803862,3.3136,0.5915,10.908,0.029083218
R-1117,Bright Ring Vintners,Red,16.99,6,10.71,0.5974,0.551,1.843,0.07029,5.1,17.46,1.08782,3.3681,0.5733,10.1,0.033975679
R-1118,Busy Month Wine,Red,18.99,6,5.94,0.3296,0.209,16.199,0.04554,38.76,129.01,1.087711,3.5098,0.6097,10.504,0.03482732
R-1119,Roinad Vintners,Red,17.99,6,6.12,0.2266,0.3325,16.975,0.03861,38.76,148.41,1.089346,3.5316,0.3822,9.09,0.02816
R-1120,La Cabra,Red,9.99,5,6.12,0.2987,0.475,12.901,0.05247,48.96,188.18,1.087166,3.3681,0.4095,9.494,0.043133026
R-1121,Crazy Tomatoes,Red,9.99,5,5.94,0.5768,0.209,8.633,0.03366,27.54,129.01,1.0864575,3.488,0.4641,9.191,0.050008866
R-1122,La Escoba,Red,9.99,5,7.2,0.2472,0.456,6.596,0.04653,13.26,129.98,1.0858144,3.5207,0.637,10.1,0.043476715
R-1123,Nightfall Vineyards,Red,19.99,6,7.11,0.3502,0.399,1.94,0.08514,8.16,18.43,1.0850514,3.6515,0.546,11.514,0.034951593
R-1124,Loodon,Red,8.99,5,5.31,0.3811,0.133,6.111,0.03564,34.68,179.45,1.083896,3.4553,0.5733,9.898,0.038720261
R-1125,Real Nerve,Red,14.99,5,6.48,0.2472,0.323,1.067,0.04455,3.06,62.08,1.080517,3.5207,0.4641,11.514,0.046380429
R-1126,La Araña,Red,18.99,6,5.67,0.2987,0.2185,13.774,0.03663,24.48,96.03,1.0848552,3.3572,0.3458,10.706,0.026688406
R-1127,Equable Fork,Red,14.99,6,6.3,0.3605,0.1615,1.067,0.04851,7.14,115.43,1.0823373,3.4117,0.3276,9.797,0.033856571
R-1128,El Rábano,Red,12.99,5,5.67,0.4017,0.209,2.716,0.04752,54.06,167.81,1.0824136,3.5316,0.4095,9.898,0.046380429
R-1129,Instinctive Vines,Red,25.99,7,5.04,0.6798,0,2.134,0.08613,3.06,10.67,1.0832202,4.0439,0.5733,12.928,0.021397074
R-1130,Nonchalant Air,Red,12.99,5,6.03,0.6592,0.2185,2.037,0.0792,11.22,115.43,1.0849642,3.6624,0.637,11.009,0.036496229
R-1131,Supernatural Vineyards,Red,18.99,6,6.39,0.4017,0.7505,1.358,0.19206,23.46,87.3,1.0814108,3.4553,0.4186,10.605,0.033738088
R-1132,Decisive Note Wines,Red,8.99,5,6.66,0.6901,0.114,1.552,0.18414,5.1,20.37,1.08564,3.6951,0.4914,9.595,0.048548831
R-1133,Hypnotic Suggestion Winery,Red,13.99,5,6.03,0.2678,0.4655,7.857,0.05148,48.96,191.09,1.0851822,3.4771,0.4368,9.595,0.042793398
R-1134,Literate,Red,21.99,7,5.85,0.2884,0.323,3.492,0.0396,29.58,117.37,1.0803099,3.5752,0.4368,12.221,0.025329223
R-1135,Plausible Explanation Vines,Red,23.99,7,5.22,0.3296,0.361,4.6075,0.03267,23.46,91.18,1.08019,3.7278,0.3822,11.918,0.023442911
R-1136,Majestically Dapper Vintners,Red,14.99,5,6.84,0.3914,0.19,3.298,0.04554,9.18,112.52,1.083896,3.4335,0.3731,9.494,0.041313623
R-1137,Blissfully Brash Wines,Red,14.99,6,8.37,0.3914,0.456,3.686,0.13068,3.06,10.67,1.0853893,3.5207,0.5187,13.332,0.029953491
R-1138,Clean Slate Winery,Red,15.99,6,5.58,0.5871,0.095,2.037,0.04752,4.08,10.67,1.0839832,3.7496,0.6916,10.908,0.030252277
R-1139,Cooing Roo Wine,Red,17.99,6,12.78,0.2781,0.4655,1.067,0.03663,33.66,151.32,1.08128,3.4335,0.4914,11.211,0.031707507
R-1140,Passkey,Red,12.99,5,5.85,0.4017,0.3325,1.552,0.04851,10.2,159.08,1.0847244,3.6515,0.4641,9.797,0.038003897
R-1141,Utter Vines,Red,14.99,6,8.28,0.4429,0.494,2.231,0.08217,14.28,22.31,1.087384,3.6515,0.5551,11.413,0.026115797
R-1142,Chaintwist Wines,Red,11.99,5,6.3,0.2369,0.266,2.619,0.05247,16.32,89.24,1.0831548,3.4662,0.5096,9.393,0.051092449
R-1143,Upstart Wines,Red,12.99,5,7.02,0.2575,0.323,13.289,0.04356,67.32,178.48,1.0897384,3.5098,0.6825,8.989,0.040061768
R-1144,Luxuriant,Red,34.99,8,7.02,0.5871,0.0855,2.231,0.06435,34.68,43.65,1.0836453,3.7714,0.6734,12.827,0.015664072
R-1145,Righteous Flowers,Red,13.99,5,8.01,0.6077,0.3705,2.231,0.09405,5.1,21.34,1.088474,3.6733,0.5278,10.403,0.04147422
R-1146,Quack Magic Vintners,Red,13.99,5,6.3,0.5047,0.4655,5.432,0.0594,26.52,117.37,1.087166,3.6406,0.6916,10.605,0.04619054
R-1147,El Formón,Red,10.99,5,7.29,0.3399,0.418,1.455,0.04158,6.12,11.64,1.0850078,3.6515,0.5551,10.807,0.036763601
R-1148,Keystone,Red,8.99,5,6.12,0.6798,0.0665,1.552,0.0693,16.32,59.17,1.0853348,3.5861,0.546,9.393,0.039606955
R-1149,Resaix Vineyards,Red,13.99,5,7.38,0.3193,0.4085,6.79,0.04653,18.36,84.39,1.0859452,3.5207,0.5824,10.706,0.046763737
R-1150,Goodnight Wines,Red,10.99,5,6.84,0.1854,0.4655,17.5085,0.04554,36.72,153.26,1.089564,3.3354,0.3731,9.292,0.044893378
R-1151,Dramatic Increase,Red,23.99,7,5.67,0.2266,0.4085,4.4135,0.03762,31.62,126.1,1.081062,3.6515,0.3003,11.615,0.020306593
R-1152,Knowledgeable Sky,Red,18.99,6,6.84,0.515,0.2755,2.231,0.08514,5.1,13.58,1.0845718,3.6188,0.5642,11.615,0.031707507
R-1153,Trealop,Red,8.99,4,6.12,0.3296,0.323,1.164,0.04356,14.28,64.99,1.081171,3.3245,0.4277,10.706,0.061476899
R-1154,La Almohada,Red,18.99,6,7.38,0.2266,0.4655,9.312,0.03663,54.06,149.38,1.084659,3.2918,0.3003,10.706,0.027980637
R-1155,El Despertador,Red,18.99,7,5.58,0.206,0.3135,5.238,0.02772,21.42,72.75,1.0792308,3.6624,0.3731,13.635,0.023511508
R-1156,Superpower,Red,10.99,4,6.75,0.3914,0.456,2.522,0.07227,22.44,81.48,1.086948,3.6188,0.637,9.696,0.083941272
R-1157,Accidental,Red,8.99,5,6.3,0.75705,0.0475,1.94,0.08019,13.26,52.38,1.086294,3.6951,0.5187,9.898,0.048345485
R-1158,Obsolete Caption Vineyards,Red,17.99,6,4.5,0.3399,0.171,4.462,0.03168,40.8,120.28,1.0803426,3.4662,0.364,11.11,0.028250329
R-1159,Unequal Parts Vineyards,Red,14.99,5,6.66,0.1854,0.38,1.552,0.04653,22.44,98.94,1.083133,3.5752,0.4004,10.807,0.043304359
R-1160,Allspice,Red,14.99,5,7.29,0.2266,0.266,7.469,0.04257,58.14,170.72,1.084986,3.4008,0.5005,10.1,0.041635756
R-1161,El Armario,Red,6.99,3,6.84,1.6274,0,2.037,0.13563,5.1,8.73,1.0842884,3.815,0.364,11.009,0.102871999
R-1162,La Papelería,Red,18.99,6,5.85,0.1751,0.2945,1.455,0.04059,34.68,117.37,1.0801028,3.3354,0.4186,10.605,0.032252768
R-1163,Anyplace Winery,Red,13.99,5,6.03,0.69525,0.0665,2.328,0.08811,17.34,79.54,1.085422,3.6515,0.4914,10.201,0.043824527
R-1164,Ahoy-Wut Winery,Red,16.99,6,6.75,0.6489,0.2565,1.94,0.08217,17.34,88.27,1.0858144,3.5534,0.5278,9.898,0.026358923
R-1165,Alerrawia,Red,13.99,5,5.76,0.2472,0.247,7.954,0.05346,47.94,176.54,1.0849642,3.4008,0.455,9.595,0.03945707
R-1166,Glomtom Winery,Red,14.99,5,6.12,0.7931,0,1.746,0.06534,34.68,50.44,1.087384,3.9458,0.6188,9.999,0.038003897
R-1167,Jukebox,Red,13.99,6,4.5,0.3193,0,6.208,0.04554,43.86,161.02,1.08346,3.597,0.5733,9.999,0.027280055
R-1168,Cheerful Song Wine,Red,25.99,7,4.59,0.4326,0.0095,1.455,0.01683,25.5,98.94,1.078446,3.6842,0.3276,12.423,0.022321247
R-1169,Novanoid Wines,Red,19.99,6,7.74,0.32445,0.38,2.134,0.07821,3.06,5.82,1.0846808,3.5643,0.6097,12.019,0.032142596
R-1170,Rosy Robin Vintners,Red,21.99,7,8.55,0.5768,0.3135,2.328,0.08811,35.7,64.99,1.086948,3.5752,0.6643,11.918,0.025561422
R-1171,Spooky Humor Vineyards,Red,13.99,6,6.03,0.3399,0.4655,1.552,0.16533,20.4,91.18,1.080626,3.3899,0.455,11.514,0.026358923
R-1172,Humbly Snobbish Vintners,Red,15.99,6,5.4,0.2781,0.38,1.649,0.02079,18.36,79.54,1.078119,3.5316,0.8645,13.26466666,0.031707507
R-1173,Jovaphile Vines,Red,19.99,6,6.39,0.2987,0.266,9.021,0.04752,51,136.77,1.084441,3.4117,0.4459,10.403,0.03610061
R-1174,Glorious Grape,Red,12.99,5,8.1,0.5665,0.285,7.857,0.02574,14.28,68.87,1.08237,3.2046,0.3276,11.918,0.040061768
R-1175,Supercharge,Red,24.99,7,5.58,0.2884,0.209,7.081,0.04059,26.52,152.29,1.085313,3.7496,0.5824,9.898,0.020087656
R-1176,Classy Cask Wine,Red,20.99,7,10.44,0.4223,0.513,1.455,0.09405,22.44,39.77,1.0871115,3.2918,0.6916,9.999,0.022971032
R-1177,Uptight Vines,Red,14.99,5,6.57,0.5974,0.285,2.328,0.07326,15.3,53.35,1.086512,3.7714,0.5369,10.302,0.036629549
R-1178,Gigantic Gyroscope,Red,14.99,5,5.94,0.71585,0,2.037,0.07425,12.24,54.32,1.086512,3.8041,0.6097,9.292,0.047544746
R-1179,Faded Bubble,Red,24.99,7,6.66,0.2884,0.342,1.067,0.02772,42.84,101.85,1.078337,3.2591,0.3549,12.524,0.021043409
R-1180,Normal Stop Vintners,Red,17.99,6,7.02,0.5356,0.2375,1.843,0.08019,14.28,36.86,1.088256,3.7387,0.5915,9.09,0.033386346
R-1181,Questionable Intent Vineyards,Red,21.99,7,6.39,0.1236,0.285,3.007,0.01782,15.3,35.89,1.0791436,3.2918,0.4732,12.019,0.025176176
R-1182,Whitecap,Red,15.99,6,5.04,0.18025,0.2755,0.776,0.04257,20.4,64.99,1.0803208,3.5752,0.4368,9.999,0.033856571
R-1183,Probably Gorgeous,Red,9.99,5,8.82,0.9064,0.2375,2.425,0.10296,35.7,150.35,1.09109,3.7169,0.6097,11.312,0.042962709
R-1184,Bumola Wines,Red,15.99,6,5.49,0.3193,0.323,2.716,0.04158,60.69,157.14,1.0810511,3.5643,0.4277,10.908,0.027714789
R-1185,Habitual Snitch Wines,Red,16.99,6,4.86,0.7622,0.0855,1.649,0.08811,16.32,25.22,1.0834818,4.0003,0.5096,11.716,0.02816
R-1186,Elegant Rhythm Vintners,Red,20.99,7,5.58,0.309,0.2945,1.552,0.03465,40.8,102.82,1.0781626,3.5534,0.3549,13.029,0.024874215
R-1187,Fat Sound,Red,15.99,6,6.48,0.3193,0.3895,8.342,0.05247,15.3,86.33,1.087384,3.5861,0.5824,9.999,0.035076531
R-1188,Xanpon Vintners,Red,14.99,6,5.67,0.2472,0.703,1.358,0.17028,24.48,104.76,1.082588,3.5643,0.3549,9.999,0.026855469
R-1189,Pulappli Vines,Red,26.99,7,5.04,0.2163,0.228,4.268,0.02673,37.74,145.5,1.08019,3.597,0.2821,11.615,0.022006646
R-1190,Psychotic Ghost Vintners,Red,6.99,4,6.84,0.3193,0.4655,12.998,0.06138,51,185.27,1.088801,3.5098,0.4823,9.09,0.078641082
R-1191,Suspiciously Scarce,Red,10.99,5,13.95,0.66435,0.4655,4.074,0.09405,10.2,22.31,1.0934335,3.1828,0.6734,11.211,0.043824527
R-1192,Swanky Cactus Vintners,Red,13.99,5,6.21,0.5356,0.2375,2.522,0.08019,10.2,35.89,1.0865665,3.7714,0.455,11.11,0.040995215
R-1193,La Hermana,Red,10.99,5,5.04,0.2987,0.0475,0.776,0.03762,11.22,29.1,1.081716,3.6624,0.3185,9.292,0.047151816
R-1194,Cuddly Scarecrow Vintners,Red,12.99,5,5.4,0.2678,0.1425,1.261,0.0594,52.02,149.38,1.0829586,3.4226,0.4641,8.787,0.053603887
R-1195,Stronghold,Red,22.99,7,6.66,0.1648,0.3135,1.164,0.04158,47.94,117.37,1.0812582,3.3136,0.6188,10.605,0.023788928
R-1196,Silversmith Wine,Red,13.99,6,7.11,0.2266,0.4275,13.774,0.03762,54.06,136.77,1.089128,3.3027,0.4186,9.292,0.031815447
R-1197,Merciful Judge,Red,22.99,7,5.31,0.3296,0.266,4.559,0.03861,34.68,91.18,1.0787076,3.5098,0.5187,13.231,0.020585335
R-1198,Boardwalk Vintners,Red,11.99,5,8.46,0.63345,0.266,3.104,0.08613,18.36,69.84,1.090109,3.6079,0.4823,9.797,0.038720261
R-1199,Blueberry Wine,Red,18.99,7,6.12,0.2163,0.247,11.349,0.03762,62.22,147.44,1.0848007,3.2918,0.5096,10.605,0.021456884
R-1200,Los Zapatos,Red,23.99,7,6.39,0.6077,0,2.037,0.09009,9.18,13.58,1.0844192,3.7278,0.5005,11.615,0.021759729
R-1201,Glozzom,Red,17.99,6,5.4,0.3502,0.627,15.423,0.04554,26.52,159.08,1.087711,3.4226,0.455,8.888,0.02736618
R-1202,Ethereal Teaching,Red,19.99,6,7.2,0.2575,0.2565,9.409,0.03564,15.3,82.45,1.0835254,3.2591,0.3276,11.312,0.028523938
R-1203,Roomy Cabin Vintners,Red,14.99,5,7.56,0.3193,0.2945,0.9215,0.02079,53.04,143.56,1.0795142,3.1937,0.2912,11.615,0.036363636
R-1204,Siopp,Red,15.99,6,7.29,0.2678,0.3515,1.843,0.07128,48.96,154.23,1.084441,3.6733,0.637,11.009,0.027194335
R-1205,Unpossible Winery,Red,8.99,5,8.1,0.8446,0.0475,2.328,0.08019,26.52,93.12,1.0879726,3.6624,0.4823,10.1,0.052669632
R-1206,Cluttered Ducks Vines,Red,19.99,6,7.2,0.1854,0.3515,0.873,0.04851,36.72,105.73,1.0791763,3.1501,0.4004,12.827,0.033270322
R-1207,Yellow Eyes,Red,24.99,7,7.11,0.309,0.646,8.051,0.0495,38.25,269.66,1.0825444,3.2809,0.4641,12.423,0.023649607
R-1208,Acirassi Wines,Red,10.99,4,5.76,0.3502,0.19,14.453,0.0594,37.74,157.14,1.088147,3.4117,0.4095,9.09,0.058131854
R-1209,Graceful Motion Vines,Red,17.99,6,6.39,0.206,0.3325,3.104,0.03366,21.42,103.79,1.0812255,3.3899,0.4914,11.211,0.032474817
R-1210,Butterfingers Vines,Red,15.99,6,6.93,0.5871,0.1995,1.455,0.06831,4.08,8.73,1.0840922,3.4444,0.4914,9.898,0.035328426
R-1211,La Escalera,Red,19.99,6,5.85,0.1957,0.285,0.776,0.04257,33.66,139.68,1.083024,3.7278,0.3549,9.191,0.033386346
R-1212,Holistic Earth,Red,17.99,6,6.39,0.4532,0.589,11.446,0.04356,53.04,147.44,1.087275,3.4008,0.4186,8.787,0.026771742
R-1213,Defas Vines,Red,12.99,5,5.67,0.206,0.3515,11.446,0.04455,59.16,126.1,1.0847571,3.488,0.3185,10.908,0.043133026
R-1214,Rainwater,Red,17.99,6,7.65,0.1957,0.456,1.067,0.02574,23.46,56.26,1.0811056,3.161,0.455,10.605,0.028894977
R-1215,Weary Traveller,Red,7.99,4,7.92,0.98365,0.0475,1.746,0.07425,5.1,18.43,1.0858144,3.597,0.4004,9.696,0.08877841
R-1216,Headline Wines,Red,14.99,6,6.84,0.45835,0.418,14.065,0.04455,69.36,205.64,1.088474,3.7932,0.3276,10.1,0.034580755
R-1217,Adventurously Aloof Wines,Red,37.99,8,4.95,0.3502,0.247,2.134,0.02079,31.62,115.43,1.0782171,3.8695,0.4459,13.13,0.015967485
R-1218,Sertave,Red,11.99,5,5.85,0.2678,0.4085,8.633,0.08217,51,165.87,1.086185,3.1065,0.455,9.09,0.040061768
R-1219,Ybuwyn Wines,Red,14.99,6,7.02,0.309,0.703,1.746,0.03267,33.66,151.32,1.08019,3.5861,0.4732,12.928,0.028801542
R-1220,Three Brothers Vintners,Red,12.99,5,6.66,0.3193,0.247,8.342,0.04752,47.94,199.82,1.086076,3.5534,0.3276,9.191,0.051984877
R-1221,Chief Concern Wine,Red,11.99,5,10.44,0.4326,0.5035,3.201,0.10395,33.66,95.06,1.09109,3.488,0.8645,9.292,0.040061768
R-1222,Bocilile Wines,Red,15.99,6,6.12,0.8343,0.0475,1.94,0.0693,6.12,13.58,1.0852258,3.8259,0.6006,10.908,0.030152186
R-1223,Colorfully Pale,Red,9.99,5,7.02,0.309,0.3515,1.261,0.05049,16.32,93.12,1.083569,3.6188,0.5642,10.1,0.040215115
R-1224,Forecastle Vintners,Red,15.99,6,5.85,0.2987,0.494,1.649,0.03366,41.82,187.21,1.0815307,3.5425,0.5369,10.504,0.03610061
R-1225,La Familia,Red,17.99,6,6.66,0.2472,0.209,10.379,0.04158,26.52,78.57,1.084986,3.1174,0.3276,9.797,0.033502981
R-1226,Valiantly Humdrum,Red,19.99,6,5.4,0.4017,0.1615,11.64,0.04554,66.3,238.62,1.087384,3.4335,0.3458,9.09,0.034458454
R-1227,Heartbreaking Rose,Red,16.99,6,6.3,0.2575,0.532,1.94,0.03465,20.4,92.15,1.081062,3.5207,0.4823,11.11,0.026035503
R-1228,Pastoral Hill Vineyards,Red,8.99,5,6.21,0.2987,0.38,18.8665,0.04257,36.72,151.32,1.089564,3.1937,0.4277,8.989,0.049796288
R-1229,Crowded Hut,Red,17.99,6,7.56,0.4017,0.095,1.649,0.07425,6.12,24.25,1.0854329,3.3681,0.3913,9.797,0.027280055
R-1230,Jiofrax,Red,24.99,7,5.22,0.6283,0.0095,8.148,0.04059,31.62,100.88,1.080081,3.5534,0.6552,14.1905,0.021337513
R-1231,Commonplace Winery,Red,14.99,5,6.03,0.721,0.076,3.6375,0.06633,8.16,15.52,1.0827406,3.7387,0.4732,12.726,0.038288038
R-1232,Wayward Vineyards,Red,18.99,6,10.44,0.2369,0.5415,1.746,0.07326,3.06,7.76,1.087929,3.4226,0.637,9.999,0.035583044
R-1233,Cloudy Bay Vintners,Red,17.99,6,6.57,0.2266,0.475,13.289,0.04851,57.12,183.33,1.089346,3.5316,0.6006,9.09,0.034215789
R-1234,Backspace Winery,Red,15.99,6,5.58,0.2575,0.3705,1.261,0.05049,42.84,130.95,1.079754,3.5207,0.364,11.211,0.030967074
R-1235,Sneaky Star Wine,Red,25.99,7,7.02,0.2163,0.4655,1.164,0.03564,20.4,96.03,1.0791,3.3245,0.2548,12.221,0.021043409
R-1236,Sunray,Red,19.99,6,6.03,0.2369,0.3705,2.425,0.17028,64.26,153.26,1.083133,3.3899,0.3276,9.494,0.031175957
R-1237,Hoppler Winery,Red,18.99,6,6.12,0.2884,0.342,1.552,0.0396,25.5,84.39,1.081716,3.5207,0.6006,10.403,0.034215789
R-1238,Whole Trail Wines,Red,13.99,5,7.38,0.2369,0.3515,1.261,0.04158,39.78,113.49,1.082152,3.2591,0.3276,10.1,0.048548831
R-1239,Pruvia Winery,Red,7.99,4,8.91,1.03515,0.437,1.358,0.04554,34.68,179.45,1.086294,3.2918,0.4459,10.302,0.058131854
R-1240,Anytime Vines,Red,16.99,6,6.12,0.2678,0.2755,11.543,0.05148,55.08,155.2,1.0850514,3.3027,0.5278,10.504,0.029561946
R-1241,Boxium Vines,Red,19.99,6,7.38,0.2472,0.4655,9.021,0.03762,53.04,158.11,1.084768,3.2918,0.3003,10.706,0.030453958
R-1242,Electric Team Winery,Red,8.99,5,5.85,0.2678,0.475,7.76,0.05049,46.92,191.09,1.0849424,3.4662,0.4277,9.595,0.036763601
R-1243,La Onda,Red,13.99,6,4.95,0.3193,0.2755,2.91,0.02673,16.32,98.94,1.0798303,3.5207,0.5096,11.312,0.035711387
R-1244,Free Thought Wines,Red,13.99,5,5.49,0.2781,0.4085,7.275,0.04851,66.3,235.71,1.085313,3.4008,0.4277,9.09,0.043650101
R-1245,Assorted Errors Wine,Red,8.99,5,6.93,0.86005,0,2.522,0.08019,6.12,13.58,1.087275,3.597,0.4732,9.393,0.036496229
R-1246,Miresa,Red,14.99,5,6.93,0.309,0.247,18.3815,0.05247,36.72,168.78,1.0897384,3.488,0.455,10.504,0.044712539
R-1247,Tremendously Tested,Red,17.99,6,6.03,0.1133,0.247,14.356,0.05247,44.88,92.15,1.0864684,3.488,0.3185,9.898,0.02816
R-1248,Bistup Wine,Red,11.99,5,8.37,0.2781,0.3895,1.94,0.09009,6.12,15.52,1.08782,3.5752,0.637,9.797,0.03814557
R-1249,Daffy Town Winery,Red,11.99,5,5.76,0.5871,0.019,1.746,0.06633,4.08,10.67,1.08673,3.7714,0.6188,9.595,0.038865962
R-1250,Drirathiel Vines,Red,9.99,5,8.01,0.6386,0.171,3.686,0.17424,53.04,140.65,1.088474,3.4444,0.8008,9.292,0.046001815
R-1251,Carefree Vines,Red,16.99,6,6.39,0.3193,0.361,1.164,0.03564,10.2,120.28,1.081716,3.4226,0.4004,9.999,0.028070104
R-1252,Bizarre,Red,16.99,6,5.58,0.36565,0.3325,1.94,0.04554,31.62,92.15,1.0771598,3.3354,0.4186,13.736,0.02693959
R-1253,Eight Hands,Red,9.99,5,6.12,0.2472,0.2945,17.751,0.04554,40.8,137.74,1.09,3.597,0.3731,8.787,0.047151816
R-1254,Frantic Machine Winery,Red,14.99,5,6.21,0.3914,0.361,12.707,0.11088,14.28,91.18,1.0877328,3.2918,0.4368,9.292,0.040680474
R-1255,Ever Near,Red,24.99,7,5.76,0.1545,0.418,1.164,0.04257,68.34,145.5,1.079863,3.4226,0.6643,11.312,0.025024513
R-1256,Mellow Acoustics,Red,19.99,6,5.4,0.1957,0.247,1.358,0.03861,30.6,100.88,1.0790782,3.6188,0.3731,12.524,0.026855469
R-1257,Vigorous,Red,12.99,5,5.4,0.2369,0.1425,9.409,0.04752,103.02,200.79,1.0853239,3.3245,0.273,9.191,0.046957175
R-1258,Exclusive Feeling Winery,Red,12.99,5,5.4,0.4223,0.2185,1.067,0.06534,22.44,143.56,1.0819994,3.597,0.4277,9.729666666,0.042793398
R-1259,Nekmit,Red,11.99,5,6.75,0.74675,0.038,1.455,0.07524,8.16,14.55,1.0846372,3.5534,0.4823,9.696,0.054320988
R-1260,Premium Payment Winery,Red,18.99,6,6.39,0.206,0.2945,7.178,0.05247,32.64,204.67,1.0854983,3.6079,0.5369,10.504,0.033040077
R-1261,El Venado,Red,8.99,5,6.12,0.8549,0.0855,1.746,0.07326,4.08,24.25,1.0849206,3.6842,0.4095,9.696,0.039757695
R-1262,Pinwheel Vintners,Red,11.99,5,6.48,0.2678,0.703,13.192,0.0495,57.12,157.14,1.08782,3.3027,0.4004,8.888,0.049796288
R-1263,Biasdo Wines,Red,20.99,7,5.58,0.26265,0.2565,1.261,0.03663,30.6,83.42,1.0772906,3.3245,0.5369,13.029,0.023719114
R-1264,Berserk Beefeater,Red,19.99,6,6.48,0.2369,0.437,6.208,0.03564,17.34,82.45,1.0821411,3.379,0.7098,11.817,0.032252768
R-1265,Descriptive Limit Vines,Red,11.99,5,7.92,0.2781,0.2375,4.85,0.02376,53.04,96.03,1.081825,3.1283,0.4459,11.514,0.048959391
R-1266,Tribop Wine,Red,14.99,6,5.58,0.206,0.2375,14.55,0.05445,8.16,116.4,1.0874603,3.4771,0.4823,9.696,0.032363507
R-1267,Grandmaster Vintners,Red,27.99,8,5.04,0.2163,0.38,1.261,0.04059,82.62,142.59,1.079209,3.5098,0.8645,11.716,0.017317135
R-1268,Aspiring Exchange,Red,11.99,5,6.12,0.3605,0.5035,9.797,0.05247,37.74,146.47,1.085967,3.3463,0.364,9.494,0.042291426
R-1269,Sorson Winery,Red,22.99,7,7.11,0.3502,0.342,1.843,0.06435,5.1,9.7,1.0836671,3.5643,0.4914,11.312,0.022904785
R-1270,La Tortuga,Red,36.99,8,4.86,0.5459,0.152,2.619,0.03564,34.68,124.16,1.0775304,3.488,0.4823,13.332,0.018314256
R-1271,Festive Tendency,Red,9.99,5,6.66,0.5665,0.1805,1.746,0.08118,15.3,32.98,1.0862395,3.8041,0.6188,10.605,0.040995215
R-1272,Daily Run Winery,Red,21.99,7,7.11,0.4223,0.3515,4.365,0.0297,40.8,110.58,1.08128,3.4553,0.4914,12.524,0.023649607
R-1273,Hysterical Cleric Wine,Red,14.99,6,8.73,0.3193,0.4465,1.552,0.06138,13.26,32.01,1.088147,3.5643,0.6006,10.1,0.035328426
R-1274,Daisywheel,Red,17.99,6,4.68,0.34505,0.19,1.649,0.03267,17.34,71.78,1.0791218,3.6406,0.4368,12.423,0.02736618
R-1275,Responsible Bucket Wine,Red,8.99,5,6.21,0.5562,0.304,12.804,0.0495,54.06,228.92,1.087057,3.488,0.455,9.696,0.047151816
R-1276,Relatively Educated Wines,Red,12.99,5,5.13,0.1442,0.285,5.238,0.04455,26.52,101.85,1.0842121,3.6188,0.4095,9.393,0.046957175
R-1277,Telltale Winery,Red,12.99,5,4.59,0.2369,0.171,0.97,0.05247,13.26,96.03,1.0786204,3.5098,0.3549,11.615,0.036763601
R-1278,La Banca,Red,14.99,5,6.3,0.2781,0.3895,18.1875,0.04158,34.68,152.29,1.090218,3.2264,0.455,9.191,0.044
R-1279,Brainy Bairn Vines,Red,18.99,6,5.22,0.412,0.399,4.268,0.04653,39.27,237.65,1.083133,3.5425,0.5187,9.696,0.034095417
R-1280,Lotadilo Vineyards,Red,24.99,7,6.21,0.3399,0.2945,4.074,0.0396,21.42,90.21,1.078664,3.4662,0.4368,13.534,0.024286368
R-1281,Untidy Coiffure Vines,Red,11.99,5,5.67,0.3399,0.19,5.626,0.0396,24.48,139.68,1.0837325,3.4335,0.5733,9.999,0.03945707
R-1282,Breezy Boquet Wine,Red,11.99,5,7.47,0.8034,0.095,2.522,0.08019,45.9,84.39,1.088147,3.7932,0.4823,10.1,0.047743056
R-1283,Sloppy Joe Wines,Red,8.99,5,6.66,0.2163,0.76,11.931,0.03762,78.54,177.51,1.0875802,3.2155,0.4368,9.09,0.041635756
R-1284,Even Keeled,Red,18.99,6,5.94,0.43775,0.2375,2.2795,0.03366,23.46,84.39,1.0799938,3.3245,0.3731,11.514,0.029561946
R-1285,Beneficial Point,Red,13.99,5,6.57,0.309,0.703,13.095,0.03861,46.92,160.05,1.088038,3.2918,0.364,8.787,0.04196167
R-1286,Fortunate Thread,Red,10.99,5,11.97,0.4429,0.551,1.843,0.0693,15.3,38.8,1.090436,3.3354,0.4459,9.09,0.046571492
R-1287,Marked Page Wine,Red,24.99,7,8.19,0.2575,0.323,1.94,0.07029,45.9,64.99,1.0874821,3.7496,0.7826,10.302,0.025329223
R-1288,Disillusioned Inventor,Red,16.99,6,6.21,0.3296,0.2565,15.52,0.03366,59.16,179.45,1.0893242,3.6406,0.546,9.09,0.027891598
R-1289,Shipstern Wines,Red,13.99,6,6.3,0.3296,0.3325,1.455,0.03861,24.48,121.25,1.081062,3.4553,0.5824,12.322,0.035970164
R-1290,Delightful Wall Wines,Red,13.99,5,8.73,0.7107,0.304,2.425,0.08712,22.44,88.27,1.087711,3.5861,0.5642,10.201,0.041635756
R-1291,Backslide Winery,Red,17.99,6,6.57,0.2678,0.2945,1.552,0.0396,39.78,167.81,1.081062,3.4771,0.4641,11.514,0.029273303
R-1292,Verdant View Winery,Red,15.99,6,10.35,0.309,0.57,1.94,0.06633,12.24,26.19,1.087929,3.3899,0.8827,10.201,0.028341093
R-1293,Useless Boot Vines,Red,14.99,5,6.12,0.3193,0.1805,3.395,0.08514,30.6,126.1,1.08237,3.0847,0.4004,9.696,0.03814557
R-1294,Flowery Bells Vintners,Red,14.99,6,6.48,0.4017,0.418,2.522,0.06534,22.44,46.56,1.0844846,3.597,0.7644,11.615,0.035711387
R-1295,Victorious Hand,Red,16.99,6,6.12,0.412,0.2755,2.716,0.04356,27.54,94.09,1.079536,3.4008,0.3822,11.312,0.030252277
R-1296,Winooze,Red,14.99,5,6.3,0.4017,0.1995,10.379,0.09702,13.26,88.27,1.0862613,3.3027,0.4277,9.393,0.036496229
R-1297,Highfalutin Vintners,Red,19.99,6,8.46,0.2678,0.5035,1.164,0.04653,25.5,105.73,1.081389,3.5207,0.2548,12.625,0.036363636
R-1298,Mizuxe Vines,Red,13.99,6,5.04,0.23175,0.228,9.506,0.05346,60.18,135.8,1.0850405,3.4553,0.3549,10.302,0.030657662
R-1299,Delicate,Red,9.99,5,6.84,0.2987,0.399,1.261,0.03465,18.36,83.42,1.079972,3.2591,0.3549,11.413,0.040215115
R-1300,Starfish,Red,20.99,7,6.93,0.3296,0.456,2.231,0.0396,28.56,110.58,1.080299,3.488,0.4732,12.928,0.020755343
R-1301,Digikiki Vineyards,Red,16.99,6,7.65,0.2163,0.3895,4.171,0.03564,24.48,96.03,1.084223,3.4662,0.4823,9.797,0.029561946
R-1302,Hawkloon Vintners,Red,16.99,6,6.12,0.1957,0.38,9.5545,0.05445,41.82,99.91,1.0848988,3.2482,0.5096,10.605,0.031071252
R-1303,Forecast Vineyards,Red,10.99,5,7.11,0.1957,0.247,2.037,0.03861,8.16,138.71,1.083678,3.3245,0.6734,9.898,0.039757695
R-1304,Sunup Winery,Red,14.99,5,7.38,0.5871,0.247,2.134,0.0594,28.56,63.05,1.085531,3.597,0.3913,10.201,0.037307232
R-1305,La Remolacha,Red,17.99,6,7.2,0.515,0.3705,2.522,0.08118,12.24,44.62,1.088365,3.7387,0.5642,10.807,0.027194335
R-1306,Illustrious Wine,Red,11.99,5,6.39,0.1236,0.304,9.312,0.05346,65.28,157.14,1.085858,3.706,0.3731,9.494,0.042793398
R-1307,Painstaking Effort Wine,Red,13.99,6,4.86,0.2987,0.361,1.164,0.02871,31.62,128.04,1.0779555,3.5752,0.3276,12.524,0.026115797
R-1308,Burder Winery,Red,14.99,6,5.13,0.618,0,1.358,0.06237,11.22,17.46,1.0811819,3.7605,0.5096,12.322,0.028894977
R-1309,El Bisonte,Red,17.99,6,5.76,0.3811,0.1805,3.395,0.06732,18.36,97.97,1.082806,3.3027,0.3458,9.09,0.030657662
R-1310,Ragged Queen,Red,10.99,5,6.39,0.2163,0.2565,8.342,0.05544,26.52,107.67,1.085204,3.2155,0.4732,9.595,0.049166625
R-1311,El Árbol,Red,13.99,6,8.82,0.2575,0.4655,2.619,0.08712,15.3,32.01,1.088038,3.7278,0.819,10.1,0.031923939
R-1312,Loud Alarm Winery,Red,16.99,6,5.13,0.2163,0.3515,4.365,0.0396,59.16,135.8,1.0827188,3.5861,0.5642,10.706,0.0343368
R-1313,Turnkey Vineyards,Red,17.99,6,7.38,0.2369,0.4655,0.873,0.05643,15.3,70.81,1.082152,3.3463,0.3458,10.504,0.035970164
R-1314,Butterscotch Wine,Red,10.99,5,5.76,0.309,0.361,7.566,0.04554,35.7,186.24,1.085095,3.379,0.3367,9.09,0.048345485
R-1315,Chevesic Wine,Red,10.99,5,5.58,0.309,0.304,1.164,0.05148,32.64,179.45,1.0819994,3.5752,0.4004,10.201,0.042457764
R-1316,Broken Wrist Wines,Red,18.99,6,5.49,0.2884,0.2185,4.074,0.03762,13.26,92.15,1.0779882,3.2373,0.637,13.231,0.031815447
R-1317,Parede Wines,Red,9.99,5,7.29,0.5768,0.266,1.649,0.36432,16.32,54.32,1.086512,3.3899,1.1648,9.393,0.050872933
R-1318,Fair Judge,Red,11.99,5,5.76,0.309,0.361,7.566,0.04554,35.7,186.24,1.085095,3.379,0.3367,9.09,0.04937518
R-1319,Warm Year Winery,Red,9.99,5,5.49,0.3708,0.551,14.55,0.04356,42.84,111.55,1.087602,3.4335,0.4641,9.09,0.039606955
R-1320,Better Butter Wine,Red,26.99,7,6.3,0.309,0.4845,13.192,0.0495,40.8,162.96,1.087384,3.3463,0.4732,9.696,0.025406269
R-1321,Rapid Impulse Wine,Red,23.99,7,6.12,0.1854,0.266,9.506,0.03861,29.58,109.61,1.0835254,3.3899,0.4095,11.009,0.025561422
R-1322,Makeshift Thing Wine,Red,14.99,6,6.39,0.2369,0.3705,13.289,0.05742,26.52,166.84,1.0873295,3.161,0.4186,9.09,0.02816
R-1323,Noxu Wine,Red,9.99,5,6.21,0.3399,0.266,1.261,0.05049,37.74,181.39,1.082043,3.5643,0.546,10.403,0.036496229
R-1324,Waratel Vines,Red,19.99,7,11.52,0.63345,0.627,5.626,0.08217,7.14,40.74,1.092398,3.3463,0.6643,10.1,0.022448979
R-1325,Forethought Vines,Red,14.99,6,5.76,0.2266,0.323,1.746,0.05643,29.58,100.88,1.085531,4.1529,0.5187,10.403,0.0343368
R-1326,Complex Authority,Red,17.99,6,5.13,0.2163,0.304,0.873,0.03762,38.76,117.37,1.0799066,3.5316,0.4186,10.706,0.032474817
R-1327,Feigned Ignorance Vineyards,Red,29.99,8,5.94,0.2369,0.285,4.462,0.0594,29.58,149.38,1.0806478,3.5207,0.4459,12.322,0.015739108
R-1328,Upstate Wine,Red,11.99,5,6.84,0.3708,0.456,13.095,0.03762,44.88,112.52,1.088038,3.3136,0.4368,9.292,0.045258364
R-1329,Ambiguous Remark Wine,Red,23.99,7,5.49,0.10815,0.2945,1.261,0.03663,56.1,140.65,1.080408,3.7169,0.3731,11.211,0.021043409
R-1330,Vivacious,Red,8.99,5,5.94,0.6283,0.0095,1.843,0.0792,8.16,24.25,1.0872314,4.0221,0.6643,10.605,0.040837389
R-1331,Takeoff Vines,Red,8.99,5,6.21,0.5356,0.2375,2.522,0.08019,10.2,35.89,1.0865665,3.7714,0.455,11.11,0.044354123
R-1332,Tedious Turtle Wine,Red,13.99,6,7.56,0.6386,0.114,1.746,0.07128,38.76,44.62,1.0845936,3.6842,0.8099,11.918,0.029659109
R-1333,Today Wine,Red,26.99,7,4.59,0.5253,0.171,2.037,0.04158,16.32,97.97,1.081716,3.7714,0.7917,13.029,0.020755343
R-1334,Knowing Representative Wine,Red,10.99,5,7.56,0.6695,0.57,2.037,0.11088,12.24,87.3,1.087057,3.488,0.4732,9.292,0.036763601
R-1335,Watermelon Winery,Red,16.99,6,5.76,0.2987,0.1995,9.3605,0.04059,36.72,115.43,1.0827406,3.2591,0.3094,11.04266666,0.026771742
R-1336,Taskmaster,Red,25.99,7,9.99,0.3193,0.5035,2.134,0.0594,3.06,9.7,1.0853348,3.2918,0.7553,11.009,0.025483668
R-1337,Bronea Vintners,Red,14.99,5,9.54,0.3708,0.57,2.134,0.15048,7.14,17.46,1.088474,3.3136,0.9646,9.494,0.046001815
R-1338,Tabletop Wine,Red,25.99,7,7.29,0.3193,0.342,7.954,0.02772,29.58,137.74,1.081825,3.2809,0.3094,13.13,0.020927467
R-1339,Tasty Jam,Red,16.99,6,6.84,0.1957,0.361,10.282,0.0594,48.96,168.78,1.085858,3.4117,0.3458,10.605,0.03610061
R-1340,Raincheck,Red,12.99,5,5.49,0.3399,0.304,7.566,0.05148,53.04,177.51,1.0862613,3.6951,0.5915,9.595,0.039308036
R-1341,Familiar Stock Vineyards,Red,23.99,7,6.3,0.2266,0.247,2.716,0.03564,44.88,128.04,1.0799502,3.6406,0.3731,12.12,0.021337513
R-1342,Bookcase Vintners,Red,17.99,6,7.92,0.4944,0.3895,3.201,0.09108,26.52,50.44,1.088038,3.6079,0.4823,10.605,0.030657662
R-1343,El Dulce,Red,18.99,6,5.4,0.4223,0.0475,1.455,0.06237,17.34,116.4,1.082588,3.4989,0.5096,9.292,0.033502981
R-1344,Overwrought Expert,Red,18.99,6,8.46,0.515,0.323,3.492,0.08118,5.1,13.58,1.088583,3.5861,0.4732,10.807,0.030352865
R-1345,Acoustic Nation Vines,Red,20.99,7,5.85,0.2472,0.342,2.134,0.02673,36.72,129.98,1.078882,3.5752,0.3276,12.625,0.024577655
R-1346,Ambitious Plot Vintners,Red,13.99,6,6.39,0.2678,0.2755,12.028,0.04356,63.24,232.8,1.086621,3.3136,0.3822,9.292,0.034580755
R-1347,Adjoining Ocean Wines,Red,13.99,5,7.83,0.8034,0.4845,1.649,0.41085,12.24,64.02,1.0858907,3.27,1.0647,9.292,0.036496229
R-1348,Wavelength Winery,Red,19.99,6,6.66,0.80855,0.1805,5.044,0.09306,19.38,95.06,1.0868717,3.4444,0.4732,9.662333334,0.028070104
R-1349,Whispering Wind Vines,Red,13.99,5,7.74,0.65405,0.646,1.746,0.39897,19.38,54.32,1.0859888,3.2918,1.0465,9.393,0.03814557
R-1350,Werradith,Red,14.99,6,5.22,0.3708,0.247,3.201,0.03762,40.8,148.41,1.080299,3.6406,0.5005,11.413,0.029659109
R-1351,Seiliu Vineyards,Red,13.99,6,5.31,0.5665,0.095,2.134,0.06138,39.78,49.47,1.0846808,3.8368,0.6916,11.312,0.031071252
R-1352,Westwest Wines,Red,8.99,5,5.76,0.5871,0.133,3.783,0.0693,27.54,70.81,1.0863921,3.6188,0.4368,9.292,0.044893378
R-1353,Vague Notion Vineyards,Red,12.99,5,6.66,0.3914,0.323,8.051,0.05148,44.88,162.96,1.0859343,3.3899,0.4732,9.292,0.043476715
R-1354,Fishtail Vineyards,Red,10.99,5,5.49,0.6077,0.0095,2.037,0.05544,5.1,12.61,1.0842448,3.8368,0.5096,11.514,0.047544746
R-1355,Probable Outcome Vineyards,Red,16.99,6,10.26,0.3708,0.6555,2.037,0.0891,6.12,20.37,1.09,3.4553,0.5642,9.292,0.031281193
R-1356,Ekcle,Red,9.99,5,7.38,0.4429,0.2755,1.552,0.08019,27.54,43.65,1.0856727,3.5425,0.4914,10.403,0.038865962
R-1357,Bluebird Vines,Red,19.99,6,5.76,0.2266,0.4655,7.275,0.05346,42.84,146.47,1.084332,3.5643,0.4732,10.201,0.027714789
R-1358,Spacewalk Winery,Red,13.99,6,7.2,0.2266,0.304,10.088,0.04257,64.26,194.97,1.08673,3.3899,0.4823,9.595,0.030760282
R-1359,Chacaka Winery,Red,13.99,5,5.76,0.206,0.266,2.425,0.03168,24.48,81.48,1.0809312,3.6079,0.5005,11.615,0.03814557
R-1360,Tupacase,Red,5.99,3,5.49,0.206,0.323,9.215,0.04059,38.76,194.97,1.08455,3.4226,0.4004,10.201,0.122222222
R-1361,Creahoof,Red,9.99,5,8.91,0.5562,0.4275,2.231,0.07029,16.32,38.8,1.089019,3.6951,0.5642,9.494,0.041635756
R-1362,Curiously Earthy,Red,8.99,5,5.85,0.3296,0.114,11.155,0.03267,35.7,160.05,1.087166,3.5098,0.2912,9.09,0.049796288
R-1363,Bootstrap Wines,Red,13.99,6,6.12,0.80855,0,2.328,0.10296,14.28,29.1,1.086294,3.8368,0.5005,10.807,0.033270322
R-1364,Vacso,Red,10.99,5,7.47,0.4223,0.4845,1.94,0.04554,11.22,200.79,1.08237,3.2918,0.5005,11.514,0.036763601
R-1365,Somewhat Elated Vintners,Red,25.99,7,6.48,0.1751,0.3515,6.693,0.05841,47.94,124.16,1.0826098,3.3572,0.4186,11.11,0.023442911
R-1366,Abounding Trade Vineyards,Red,22.99,7,7.2,0.4326,0.342,4.85,0.03663,34.68,97.97,1.08128,3.4117,0.5187,12.423,0.024949195
R-1367,Dizoolexa,Red,19.99,7,6.48,0.1957,0.437,3.686,0.04059,83.64,181.39,1.082588,3.4771,0.546,11.312,0.025639532
R-1368,Jovially Overt,Red,18.99,6,5.13,0.3296,0.475,2.522,0.04851,17.34,150.35,1.082043,3.5098,0.5824,10.1,0.026771742
R-1369,Truculent Moon,Red,13.99,5,5.76,0.3296,0.475,10.379,0.04653,58.14,199.82,1.086512,3.3572,0.546,9.494,0.038431304
R-1370,Upstage Vineyards,Red,9.99,5,9.54,0.3708,0.5605,2.134,0.15048,6.12,17.46,1.088474,3.3136,0.9555,9.494,0.044893378
W-1111,Standing Zebra Winery,White,16.99,6,5.67,0.206,0.228,1.649,0.05148,36.72,130.95,1.0831766,4.142,0.6006,10.908,0.033502981
W-1112,Possible Investment Winery,White,16.99,6,5.94,0.29355,0.4655,11.058,0.03465,58.14,132.89,1.0870788,3.3572,0.4914,8.989,0.033386346
W-1113,Disagreeable Vicar Winery,White,15.99,6,6.03,0.3296,0.304,1.649,0.03069,31.62,110.58,1.0785114,3.4008,0.3185,12.625,0.029854878
W-1114,Nalpure Wine,White,12.99,5,7.56,0.412,0.665,12.707,0.04158,29.58,191.09,1.08782,3.3354,0.5824,9.797,0.052211638
W-1115,Unoseth Wines,White,17.99,6,8.01,0.2678,0.3135,7.857,0.02376,47.94,195.94,1.0851822,3.4117,0.4186,10.908,0.033738088
W-1116,Peachflame Winery,White,16.99,6,5.67,0.5253,0.1235,2.231,0.07524,29.58,38.8,1.0853566,3.7278,0.6825,11.11,0.034215789
W-1117,Strong Snail Vintners,White,9.99,4,6.48,0.5665,0.0855,1.455,0.10692,16.32,146.47,1.083242,3.3463,0.5187,9.292,0.081669624
W-1118,Modern Noggin,White,23.99,7,4.95,0.2987,0.285,1.067,0.02178,20.4,106.7,1.0776721,3.6406,0.3458,12.928,0.019765829
W-1119,Hospitable Rock,White,17.99,6,6.39,0.1545,0.323,0.97,0.03267,27.54,70.81,1.0788166,3.5316,0.3731,12.322,0.030967074
W-1120,Sidekick,White,17.99,6,6.12,0.1957,0.38,9.5545,0.05445,41.82,99.91,1.0848988,3.2482,0.5096,10.605,0.030863418
W-1121,Spiteful Sprite,White,9.99,4,5.76,0.61285,0.133,5.044,0.05742,15.3,94.09,1.084659,3.6842,0.3276,9.09,0.083941272
W-1122,Underground,White,17.99,6,5.85,0.412,0.095,1.94,0.07524,30.6,45.59,1.0851386,3.6624,0.4368,9.494,0.029369046
W-1123,Typical Vintners,White,18.99,6,8.37,0.3708,0.3705,1.455,0.0792,41.82,53.35,1.0862068,3.7823,0.6643,11.009,0.028523938
W-1124,Panoramic View Wines,White,16.99,6,9.45,0.4429,0.3325,3.201,0.09108,24.48,67.9,1.0877982,3.4989,0.6279,10.605,0.030967074
W-1125,Yammoe,White,33.99,8,8.19,0.412,0.475,1.746,0.07029,7.14,15.52,1.0841358,3.4989,0.6279,12.625,0.018649631
W-1126,Viottis,White,9.99,5,7.11,0.3605,0.1995,1.843,0.07227,46.92,98.94,1.086076,3.5643,0.5278,9.595,0.046571492
W-1127,Headlight,White,8.99,4,7.38,0.94245,0.2565,2.037,0.08712,7.14,22.31,1.085858,3.5534,0.4277,10.1,0.06875
W-1128,Dohi Vineyards,White,13.99,6,5.49,0.1854,0.342,1.94,0.03762,20.4,242.015,1.081607,3.6733,0.7189,11.413,0.031493267
W-1129,Blackboard,White,13.99,6,5.58,0.2472,0.2565,2.813,0.03861,30.6,119.31,1.0786531,3.4008,0.3367,12.928,0.027627015
W-1130,Foxclore,White,16.99,6,5.22,0.1854,0.266,1.261,0.03366,9.18,91.18,1.0801028,3.4989,0.4732,11.312,0.029561946
W-1131,Incandescent Chess Wines,White,26.99,7,5.85,0.1854,0.2945,1.649,0.04356,30.6,123.19,1.082152,3.8041,0.455,10.302,0.024358701
W-1132,Unusual Cabbage Wines,White,13.99,6,6.12,0.2678,0.456,6.014,0.04851,56.1,176.54,1.0854438,3.4989,0.4095,9.494,0.034458454
W-1133,Fine Grain,White,15.99,6,5.76,0.2678,0.2375,10.379,0.04554,67.32,173.63,1.0857054,3.4553,0.5005,9.999,0.034215789
W-1134,Detailed Decision Wine,White,14.99,5,7.11,0.618,0.057,1.552,0.06831,15.3,57.23,1.086076,3.597,0.4186,9.494,0.041313623
W-1135,Plucky Parrot Wine,White,15.99,6,6.75,0.3296,0.4655,1.649,0.03069,44.88,105.73,1.079754,3.3463,0.4186,12.625,0.02736618
W-1136,Barbarous Bandits Wines,White,14.99,6,6.93,0.2575,0.4085,4.365,0.06138,20.4,111.55,1.086294,3.6842,0.455,9.999,0.02816
W-1137,Surogou,White,11.99,5,6.21,0.1751,0.2375,1.552,0.04653,34.68,128.04,1.080626,3.4444,0.4368,11.514,0.049166625
W-1138,Juvenile,White,17.99,6,10.44,0.48925,0.38,1.358,0.09009,6.12,27.16,1.0867736,3.3463,0.5915,10.13366666,0.035076531
W-1139,Selective Sect Vintners,White,14.99,6,6.12,0.2369,0.2755,14.938,0.07227,57.12,167.81,1.088256,3.3354,0.3731,8.787,0.032032988
W-1140,Aboveboard,White,25.99,7,5.04,0.24205,0.2755,1.164,0.04653,33.66,123.19,1.08019,3.6406,0.455,11.11,0.024504344
W-1141,Enormous Book,White,26.99,7,5.4,0.2678,0.304,3.395,0.02772,29.58,109.61,1.080408,3.706,0.6461,12.423,0.024142661
W-1142,Puzzling Mist,White,18.99,6,5.67,0.3708,0.475,8.051,0.05247,52.02,195.94,1.085095,3.488,0.4641,9.696,0.028801542
W-1143,Mainland,White,14.99,5,6.84,0.2678,0.4465,1.552,0.06732,5.1,53.35,1.083896,3.379,0.4095,9.696,0.038431304
W-1144,Magenta Guitar,White,24.99,7,5.22,0.3502,0.152,6.79,0.03663,26.52,112.52,1.084441,3.7714,0.4095,10.1,0.02052913
W-1145,Plakill,White,17.99,6,6.75,0.3914,0.5415,2.231,0.10494,5.1,11.64,1.0856945,3.6624,0.5005,11.514,0.029083218
W-1146,Grateful Ned,White,17.99,6,5.94,0.2472,0.3135,9.797,0.03168,8.16,78.57,1.0859234,3.4771,0.4641,9.898,0.028523938
W-1147,Irate Grandmother Winery,White,18.99,6,5.85,0.3399,0.304,0.97,0.04059,39.78,116.4,1.0791436,3.3354,0.3367,12.322,0.032699168
W-1148,Erratic Fish Vines,White,18.99,6,6.66,0.2472,0.399,13.58,0.06534,48.96,192.06,1.087711,3.1501,0.3822,8.989,0.035583044
W-1149,Looncan Wines,White,16.99,6,7.2,0.3399,0.3325,9.7,0.03465,22.44,104.76,1.0840813,3.4008,0.3276,11.716,0.032363507
W-1150,Abundant Angle,White,15.99,6,6.21,0.4223,0.2945,1.94,0.07821,21.42,49.47,1.0863812,3.7823,0.5005,9.595,0.036231765
W-1151,Devilish Crook,White,15.99,6,5.22,0.1545,0.304,1.164,0.03663,14.28,115.43,1.0805933,3.4771,0.455,10.302,0.02693959
W-1152,Safome,White,8.99,5,5.94,0.2472,0.266,1.746,0.02772,39.78,128.04,1.0810838,3.6406,0.4186,11.514,0.041798236
W-1153,Animated Anthill Wine,White,14.99,5,9.63,0.4429,0.3705,2.134,0.10494,8.16,31.04,1.088474,3.1501,0.455,9.696,0.048959391
W-1154,Oval Gem,White,20.99,7,5.76,0.10815,0.2755,1.067,0.03465,44.88,135.8,1.0806478,3.4553,0.5005,10.807,0.021821067
W-1155,Oleald,White,8.99,5,7.38,0.515,0.3325,2.813,0.07623,21.42,123.19,1.087384,3.5207,0.5642,9.494,0.042962709
W-1156,Kizerain Vines,White,16.99,6,6.48,0.3914,0.285,1.746,0.07227,31.62,67.9,1.0865665,3.7278,0.5369,9.595,0.028070104
W-1157,Gearshift Vintners,White,20.99,7,6.12,0.1751,0.3325,1.746,0.0396,29.58,81.48,1.0786749,3.1719,0.5187,12.12,0.020251524
W-1158,Clean Linen Vineyards,White,9.99,5,8.55,0.91155,0.2565,2.231,0.08316,31.62,140.65,1.087602,3.5316,0.4823,9.494,0.045814244
W-1159,Backdrop Vines,White,14.99,6,9,0.4738,0.418,2.813,0.06435,4.08,7.76,1.0864466,3.6297,0.5642,12.322,0.0331549
W-1160,Sooprno,White,16.99,6,7.29,0.2884,0.323,1.261,0.03465,11.22,122.22,1.0816288,3.4226,0.455,9.898,0.032812216
W-1161,Sundial Wine,White,10.99,5,5.94,0.2472,0.2565,9.991,0.04653,55.08,212.43,1.0871878,3.3136,0.4095,8.888,0.046957175
W-1162,Well-To-Do Vineyards,White,14.99,5,6.93,0.2575,0.285,7.566,0.03762,68.34,190.12,1.0851495,3.379,0.455,10.201,0.040680474
W-1163,Strange Bag Wine,White,29.99,8,4.86,0.4738,0.1425,2.037,0.02574,29.58,126.1,1.0785877,3.6951,0.7007,13.534,0.01723055
W-1164,Youthful Wine,White,24.99,7,6.12,0.3502,0.342,8.633,0.02871,44.88,124.16,1.0825662,3.5752,0.3185,12.0695,0.025176176
W-1165,Courtyard Vintners,White,10.99,5,7.47,0.6695,0.095,2.813,0.08811,17.34,38.8,1.0878527,3.5861,0.5005,9.595,0.042291426
W-1166,Abstracted Sand Vineyards,White,13.99,6,6.3,0.1957,0.3135,6.111,0.03168,42.84,123.19,1.0810838,3.6079,0.3458,12.322,0.031175957
W-1167,Adorable Class,White,18.99,6,5.4,0.5974,0.19,2.328,0.07425,15.3,48.5,1.0841903,3.9022,0.6097,12.625,0.030863418
W-1168,Able Brake,White,16.99,6,6.12,0.6386,0.076,1.843,0.06732,28.56,36.86,1.0861959,3.7278,0.7462,9.595,0.033502981
W-1169,Buttercup,White,14.99,5,6.93,0.79825,0.399,1.843,0.09108,8.16,83.42,1.085531,3.5207,0.5369,9.595,0.043476715
W-1170,Voquev Vines,White,37.99,8,6.12,0.3605,0.304,2.328,0.04752,35.7,99.91,1.080299,3.5752,0.4186,12.12,0.01558957
W-1171,Macho,White,16.99,6,5.67,0.2369,0.475,10.088,0.04257,62.22,128.04,1.0850078,3.1174,0.4186,9.191,0.02736618
W-1172,Mizule Winery,White,26.99,7,7.38,0.1854,0.4655,1.067,0.03267,28.56,78.57,1.081607,3.27,0.6188,10.504,0.021397074
W-1173,Ociramma Vines,White,9.99,5,8.37,0.4429,0.418,1.843,0.08415,9.18,21.34,1.0868172,3.5752,0.5005,9.595,0.037445024
W-1174,Impartial Rate Winery,White,15.99,6,5.4,0.5253,0,2.037,0.06336,40.8,52.38,1.08455,3.8586,0.8463,10.807,0.027452713
W-1175,Murky Interpretation Vineyards,White,17.99,6,7.47,0.2678,0.399,1.94,0.0792,11.22,26.19,1.087166,3.4989,0.728,9.494,0.035076531
W-1176,Uptight,White,14.99,6,7.11,0.3193,0.304,1.843,0.06534,14.28,34.92,1.0830676,3.7169,0.5096,12.726,0.031493267
W-1177,Ill-Fated,White,19.99,6,6.48,0.2678,0.38,6.111,0.04653,53.04,166.84,1.0853457,3.4662,0.4823,9.595,0.028988869
W-1178,Pepelexa Vintners,White,18.99,7,6.3,0.3605,0.285,6.305,0.02772,27.54,84.39,1.083024,3.706,0.3822,11.514,0.019979512
W-1179,Aferraron,White,13.99,5,6.03,0.4017,0.228,2.619,0.01683,22.44,77.6,1.0800156,3.3027,0.3367,11.615,0.049585063
W-1180,Animepolis Vineyards,White,23.99,7,5.67,0.2987,0.2755,3.201,0.03663,32.64,135.8,1.078555,3.4553,0.3276,12.928,0.021637826
W-1181,Harsh Cause Wines,White,14.99,5,6.48,0.2472,0.38,17.3145,0.04851,51,179.45,1.09,3.6406,0.3822,9.696,0.03703392
W-1182,Historical Test,White,9.99,5,5.76,0.3193,0.2945,12.513,0.04455,56.1,156.17,1.0850514,3.2918,0.5369,10.302,0.041798236
W-1183,Thunderstorm Vintners,White,26.99,7,4.41,0.4326,0,2.037,0.04752,16.32,40.74,1.0807786,4.0439,0.6734,14.14,0.022577811
W-1184,Feandra,White,24.99,7,6.21,0.1545,0.2755,2.231,0.03267,14.28,79.54,1.0805388,3.379,0.5278,11.312,0.022577811
W-1185,Heavenly Honey Wine,White,19.99,6,7.29,0.2781,0.3135,1.261,0.04455,26.52,97,1.0798194,3.2482,0.4004,12.524,0.027024106
W-1186,Upstanding,White,11.99,5,6.48,0.86005,0,1.94,0.16434,4.08,10.67,1.0857272,3.6951,0.4732,10.1,0.053841335
W-1187,Alike Structure Wines,White,13.99,6,5.94,0.2266,0.342,5.335,0.02871,30.6,101.85,1.0813454,3.488,0.4277,11.918,0.02736618
W-1188,Toximble Winery,White,14.99,6,6.75,0.3914,0.475,12.416,0.04158,58.14,178.48,1.088256,3.3681,0.4186,9.09,0.028341093
W-1189,Terrific Increase,White,14.99,5,5.76,0.48925,0.057,0.97,0.0297,9.18,127.07,1.079536,3.2373,0.2639,10.908,0.038431304
W-1190,Qerrassa,White,9.99,5,6.03,0.7725,0.114,1.94,0.08514,12.24,77.6,1.085422,3.6842,0.4732,10.201,0.041153957
W-1191,Likeable Measure Wine,White,19.99,7,6.57,0.5665,0.0095,1.746,0.09207,9.18,14.55,1.0847026,3.6515,0.5278,11.11,0.024725269
W-1192,Almost Rampant,White,8.99,5,6.75,0.618,0.0285,1.746,0.09405,25.5,96.03,1.08455,3.6515,0.4914,10.201,0.043304359
W-1193,Blueprint Wines,White,14.99,5,7.02,0.8961,0.247,3.686,0.10593,31.62,64.99,1.0863812,3.5534,0.4186,9.292,0.040061768
W-1194,Sislaf,White,10.99,4,6.57,0.3605,0.228,1.94,0.06633,28.56,46.56,1.0853784,3.7387,0.4914,10.1,0.060330501
W-1195,Fuzzy Waves,White,18.99,6,5.22,0.1545,0.2945,5.723,0.03564,7.14,70.81,1.0807568,3.488,0.3913,12.019,0.032363507
W-1196,Tangy Silk,White,9.99,4,5.94,0.3605,0.1805,10.185,0.0594,15.3,79.54,1.0855092,3.4117,0.3458,9.999,0.084406964
W-1197,Claster,White,17.99,6,6.75,0.2987,0.6365,7.857,0.03663,54.06,161.02,1.086294,3.161,0.3731,8.989,0.034951593
W-1198,Uppercase Vines,White,15.99,6,5.76,0.5768,0.1425,1.746,0.07722,17.34,63.05,1.0823046,3.6297,0.546,10.605,0.03482732
W-1199,Regular Sort Wines,White,22.99,7,5.76,0.1442,0.2945,1.164,0.03366,54.06,133.86,1.0800156,3.6842,0.3185,11.615,0.025406269
W-1200,Forgetful Elephant,White,11.99,5,5.4,0.2678,0.1425,1.164,0.05247,35.7,120.28,1.0828823,3.3572,0.4186,8.888,0.03814557
W-1201,Aloidia,White,13.99,5,6.84,0.70555,0.2185,2.231,0.10989,20.4,81.48,1.086076,3.4989,0.5551,9.393,0.045075317
W-1202,Chilly Weather Vines,White,12.99,5,7.02,0.515,0.0855,2.134,0.11385,10.2,40.74,1.086839,3.4662,0.5642,9.595,0.049585063
W-1203,Jazzy Jive,White,16.99,6,6.48,0.5356,0.0665,1.358,0.07326,5.1,19.4,1.087057,3.6188,0.7371,9.696,0.035202141
W-1204,Weepeggle,White,11.99,5,10.53,0.5047,0.4655,2.134,0.08217,5.1,14.55,1.09,3.4771,0.3913,9.292,0.041153957
W-1205,Silly Question Vines,White,18.99,6,5.31,0.1957,0.247,7.178,0.03366,33.66,119.31,1.08455,3.8041,0.3822,10.201,0.030352865
W-1206,Oafish Ogre Vineyards,White,18.99,6,6.21,0.3914,0.2755,13.2405,0.04752,53.04,183.33,1.0876456,3.27,0.546,9.595,0.034095417
W-1207,Dashing Taste Vineyards,White,19.99,7,6.03,0.3296,0.418,2.328,0.06039,24.48,32.98,1.0843756,3.5861,0.728,11.716,0.02385905
W-1208,Aberidus,White,17.99,6,11.34,0.3914,0.627,2.522,0.08712,10.2,39.77,1.09109,3.4553,0.6188,9.898,0.027280055
W-1209,Voov,White,19.99,7,6.3,0.1545,0.266,14.259,0.05049,29.58,144.53,1.0877328,3.2264,0.3549,9.09,0.022513257
W-1210,Joyfully Lamentable Wine,White,21.99,7,5.94,0.1751,0.361,1.455,0.03168,28.56,108.64,1.080626,3.5425,0.5005,11.514,0.022448979
W-1211,Talented Tortoise,White,14.99,5,5.22,0.3502,0.1995,6.402,0.0396,51,161.99,1.083569,3.5861,0.5642,10.1,0.052439885
W-1212,Bioyino,White,18.99,6,5.94,0.1751,0.342,1.843,0.03564,38.76,106.7,1.0797104,3.3245,0.4914,11.514,0.026277505
W-1213,Freezing Pan,White,17.99,6,5.76,0.8137,0.038,2.134,0.06039,11.22,16.49,1.0855092,3.8477,0.5915,10.504,0.026522896
W-1214,Geosyog,White,14.99,5,6.66,0.6592,0.0665,1.746,0.099,8.16,22.31,1.085749,3.597,0.5278,9.696,0.045258364
W-1215,Colossal Interest Vintners,White,9.99,5,8.91,0.3605,0.3895,2.231,0.08217,11.22,59.17,1.088038,3.4989,0.455,9.595,0.051984877
W-1216,Spiritual Bird,White,12.99,5,6.66,0.3399,0.418,7.372,0.0495,40.8,220.19,1.0865011,3.4008,0.4732,9.09,0.042457764
W-1217,Yimello,White,23.99,7,5.67,0.1339,0.399,1.067,0.04257,64.26,141.62,1.0798194,3.4117,0.6552,11.312,0.023929483
W-1218,Mixed Balance,White,17.99,6,5.22,0.6283,0.1045,1.746,0.06534,18.36,27.16,1.0843647,3.8695,0.6006,11.009,0.031175957
W-1219,Cardsharp Vineyards,White,19.99,6,10.71,0.4017,0.6555,2.716,0.09405,17.34,33.95,1.089346,3.379,0.5551,10.908,0.027627015
W-1220,Thankful Prankster Wine,White,15.99,6,7.83,0.7107,0.2945,2.91,0.08514,23.46,78.57,1.090218,3.7932,0.6734,11.716,0.03610061
W-1221,Friendly Neighbor,White,19.99,6,8.64,0.7931,0.114,2.813,0.08118,30.6,71.78,1.0885285,3.597,0.5824,10.504,0.036231765
W-1222,Gainful Goat,White,17.99,6,7.29,0.206,0.266,0.873,0.02277,49.98,84.39,1.0797758,3.1828,0.3276,11.211,0.032474817
W-1223,Watchtower Wine,White,19.99,6,6.93,0.2678,0.247,1.94,0.05148,19.38,74.69,1.084659,3.4335,0.7189,11.009,0.034458454
W-1224,Toogit Vines,White,20.99,7,4.59,0.4326,0,1.746,0.04356,18.36,85.36,1.0808113,4.0112,0.6643,13.736,0.022321247
W-1225,Narrow Ridge,White,21.99,7,7.74,0.2266,0.342,1.843,0.06336,54.06,74.69,1.0856836,3.7823,0.7917,11.11,0.021882665
W-1226,Miniature Barrel,White,11.99,5,6.39,0.4429,0.1615,1.746,0.08118,27.54,49.47,1.0860106,3.8041,0.5824,10.504,0.039012488
W-1227,Cheilith,White,10.99,5,8.82,0.4635,0.361,2.425,0.08019,34.68,64.02,1.0870134,3.4335,0.5278,9.898,0.040995215
W-1228,Far-Flung Bridge Vines,White,17.99,6,5.94,0.2575,0.2945,12.028,0.05841,53.04,175.57,1.088256,3.8259,0.4277,9.898,0.027194335
W-1229,Didactic Chance,White,20.99,7,6.66,0.1854,0.2945,1.358,0.05742,38.76,161.99,1.082479,3.4444,0.4823,10.1,0.022321247
W-1230,Wandering Judge,White,18.99,7,9.09,0.3811,0.323,2.328,0.08415,5.1,16.49,1.0865447,3.4553,0.5915,10.706,0.022838825
W-1231,Dairymaid,White,14.99,6,5.49,0.2884,0.247,1.455,0.0297,25.5,97.97,1.0779446,3.3027,0.3731,12.221,0.031386961
W-1232,Altogether Glamorous,White,20.99,7,5.04,0.2266,0.304,1.164,0.02376,29.58,94.09,1.0771707,3.488,0.4186,13.1805,0.020087656
W-1233,Offbeat Receipt Vintners,White,25.99,7,5.94,0.2266,0.3515,1.164,0.05841,45.9,193.03,1.08237,3.6733,0.5005,10.403,0.022448979
W-1234,Besloor,White,17.99,6,6.57,0.31415,0.3705,1.164,0.05841,7.14,10.67,1.0827079,3.5861,0.4732,11.615,0.026196464
W-1235,Successful Event,White,20.99,7,5.31,0.1236,0.266,1.358,0.03663,36.72,80.51,1.0799066,3.6297,0.3822,11.009,0.024504344
W-1236,Astauand Vines,White,17.99,6,7.2,0.3708,0.4085,9.797,0.05247,29.58,141.62,1.088038,3.706,0.4186,9.595,0.026035503
W-1237,Nanoarrow,White,8.99,5,5.76,0.1648,0.304,8.4875,0.03762,38.76,114.46,1.0839941,3.4771,0.3731,10.807,0.044
W-1238,Empty Cask,White,22.99,7,6.57,0.1957,0.2565,1.552,0.02673,35.7,131.92,1.0818032,3.6842,0.4914,11.11,0.020417406
W-1239,Moderock Vintners,White,14.99,6,5.85,0.2678,0.266,12.125,0.04554,81.6,218.25,1.0865665,3.4662,0.3731,10.1,0.031175957
W-1240,Eraow Vines,White,26.99,7,5.67,0.1339,0.399,1.067,0.04257,64.26,141.62,1.0798194,3.4117,0.6552,11.312,0.021278201
W-1241,Fragile Grape Winery,White,9.99,5,11.43,0.618,0.4655,2.716,0.07425,5.1,18.43,1.089346,3.4226,0.5187,11.514,0.045258364
W-1242,Powerful Experience Winery,White,13.99,6,6.75,0.5356,0.38,2.134,0.0594,12.24,19.4,1.0842666,3.5534,0.5824,11.918,0.032925851
W-1243,Thunderbird Winery,White,5.99,3,6.57,1.0094,0.0475,2.037,0.06039,20.4,47.53,1.0867845,3.6079,0.5005,9.797,0.152015589
W-1244,Hilarious Barrister,White,14.99,6,6.12,0.2781,0.3325,7.566,0.04752,77.52,191.09,1.085531,3.5316,0.3913,9.595,0.027539657
W-1245,Sohanidd Winery,White,17.99,6,5.13,0.2266,0.2755,3.395,0.0396,27.54,141.62,1.0790891,3.4553,0.3276,12.221,0.035970164
W-1246,Skaxis Wines,White,8.99,5,6.21,0.6489,0.019,1.843,0.07722,18.36,29.1,1.0868608,3.706,0.6825,9.898,0.050008866
W-1247,Nervous Mint Vineyards,White,15.99,6,7.38,0.2472,0.323,4.947,0.06138,8.16,21.34,1.087166,3.5098,0.8554,11.009,0.02710902
W-1248,Roplixoo Wine,White,20.99,7,7.11,0.1854,0.3135,1.164,0.03267,20.4,69.84,1.081498,3.4008,0.3458,10.605,0.020473153
W-1249,Chillpal Wine,White,13.99,5,4.68,0.3296,0.2375,1.746,0.10197,13.26,48.5,1.085313,3.6842,0.5005,9.292,0.050438124
W-1250,Axiomatic Winery,White,10.99,5,7.29,0.2781,0.3895,1.4065,0.03267,11.22,61.11,1.079972,3.2591,0.5096,12.12,0.045258364
W-1251,Zapster,White,12.99,5,8.64,0.7004,0.228,2.134,0.08613,5.1,27.16,1.088692,3.4226,0.546,10.302,0.038431304
W-1252,Scarecrow Vineyards,White,23.99,7,5.85,0.3399,0.285,3.686,0.03564,34.68,85.36,1.0794052,3.5425,0.5733,12.625,0.022384977
W-1253,Callous,White,26.99,7,9.99,0.4326,0.4465,2.5705,0.08415,9.18,32.98,1.0871224,3.5316,0.7007,12.221,0.024214354
W-1254,Lifeblood,White,12.99,5,6.93,0.2678,0.38,1.067,0.04158,9.18,58.2,1.080735,3.1501,0.455,10.706,0.042291426
W-1255,Grynn,White,20.99,7,5.94,0.3708,0.266,5.917,0.02871,12.24,90.21,1.0796886,3.4771,0.2457,12.928,0.019712944
W-1256,Boorish,White,16.99,6,5.67,0.2369,0.209,3.6375,0.03861,37.74,112.52,1.082043,3.5207,0.455,10.807,0.02736618
W-1257,Schoolbook,White,19.99,6,8.01,0.4429,0.4275,1.843,0.05148,6.12,15.52,1.084332,3.6515,0.637,12.625,0.031386961
W-1258,Yboiveth Wines,White,20.99,7,5.94,0.206,0.304,1.067,0.03861,25.5,75.66,1.081934,3.6951,0.4914,10.302,0.025100173
W-1259,Blackjack Vines,White,17.99,6,6.93,0.4738,0.171,3.201,0.05346,18.36,138.71,1.0833728,3.4008,0.4641,10.908,0.026115797
W-1260,Needless Effort Vines,White,17.99,6,5.76,0.103,0.3325,4.753,0.04752,31.62,99.91,1.084223,3.7387,0.7189,9.797,0.027194335
W-1261,Blacksmith Vintners,White,24.99,7,5.22,0.2884,0.285,1.455,0.02574,31.62,110.58,1.0785768,3.6188,0.546,12.625,0.021882665
W-1262,Automatic Fall Wine,White,15.99,6,8.64,0.7931,0.114,2.813,0.08118,30.6,71.78,1.0885285,3.597,0.5824,10.504,0.034458454
W-1263,Qiameth Vines,White,13.99,5,6.84,0.29355,0.304,14.162,0.06237,32.64,194.97,1.08782,3.27,0.4095,9.292,0.044532791
W-1264,Profuse North Wines,White,17.99,6,6.03,0.1545,0.304,7.663,0.03366,17.34,78.57,1.0846808,3.5861,0.2821,10.1,0.026277505
W-1265,Agonizing Anteater,White,35.99,8,5.94,0.1648,0.342,1.067,0.03069,27.54,90.21,1.0778356,3.5207,0.3094,13.332,0.018220095
W-1266,Dispensable Advice,White,10.99,5,7.47,0.6695,0.095,2.813,0.08811,17.34,38.8,1.0878527,3.5861,0.5005,9.595,0.05175959
W-1267,Scitenoa Vines,White,22.99,7,6.21,0.2369,0.361,8.051,0.04653,47.94,157.14,1.084986,3.6406,0.4732,10.605,0.01966027
W-1268,Acaer,White,10.99,5,8.1,0.5665,0.285,7.857,0.02574,14.28,68.87,1.08237,3.2046,0.3276,11.918,0.04196167
W-1269,Tiny Cake Vines,White,18.99,6,6.12,0.1648,0.342,1.261,0.03366,32.64,95.06,1.0797322,3.2918,0.5278,11.413,0.026277505
W-1270,Flawless Popcorn,White,7.99,4,6.75,1.14845,0.095,3.007,0.08514,5.1,11.64,1.085422,3.8586,0.546,11.312,0.064803468
W-1271,Zestpond Vintners,White,19.99,6,6.66,0.3811,0.4085,2.522,0.08118,18.36,79.54,1.0868172,3.6297,0.6188,9.797,0.027714789
W-1272,Adaptable Story Vineyards,White,14.99,6,5.04,0.3399,0.266,1.164,0.03069,33.66,94.09,1.0804734,3.8041,0.5278,11.009,0.033040077
W-1273,Bowtie,White,19.99,6,5.67,0.2781,0.2375,5.626,0.03762,53.04,150.35,1.08455,3.5752,0.3458,9.494,0.026440719
W-1274,Open River Vines,White,16.99,6,6.93,0.3914,0.2185,10.476,0.0297,28.56,92.15,1.0808876,3.1937,0.3731,13.736,0.03470371
W-1275,Grodsaar Winery,White,19.99,7,5.22,0.2369,0.2945,3.395,0.04356,35.7,153.26,1.0790782,3.4771,0.3367,12.221,0.025561422
W-1276,Hexteria Wine,White,8.99,4,6.84,0.4944,0.3515,0.776,0.03663,4.08,97,1.079318,3.3027,0.3549,11.514,0.061187256
W-1277,Capricious Sun,White,6.99,4,5.76,0.3605,0.3325,5.432,0.03366,9.18,143.56,1.0839069,3.4553,0.455,9.898,0.073068339
W-1278,Little Feet Winery,White,8.99,5,6.3,0.70555,0,1.843,0.09801,9.18,21.34,1.0857054,3.6406,0.546,9.797,0.040061768
W-1279,Fiercely Few,White,14.99,6,6.75,0.2678,0.361,5.529,0.02079,23.46,121.25,1.0827842,3.4117,0.5642,11.211,0.031281193
W-1280,Hallowed Force,White,7.99,4,7.47,0.64375,0.19,1.455,0.0792,27.54,115.43,1.086948,3.4444,1.0192,9.191,0.060899654
W-1281,Chesture,White,13.99,5,6.39,0.3193,0.2375,10.864,0.04752,32.64,131.92,1.0863267,3.4226,0.364,9.595,0.048345485
W-1282,Fallacious Stew,White,15.99,6,6.12,0.3296,0.2185,3.201,0.02574,31.62,96.03,1.078664,3.379,0.364,12.524,0.027627015
W-1283,Picayune Vintners,White,13.99,5,6.21,0.2472,0.38,14.938,0.05148,82.62,192.06,1.088474,3.488,0.6279,9.494,0.042291426
W-1284,Macabre Vineyards,White,9.99,5,6.66,0.2472,0.2945,8.148,0.04455,53.04,177.51,1.085967,3.3681,0.2912,8.888,0.051535766
W-1285,Jaded Aftermath,White,18.99,6,7.02,0.618,0.133,2.328,0.08514,3.06,14.55,1.087275,3.7278,0.546,10.908,0.027452713
W-1286,Wise Trees Winery,White,19.99,7,9.36,0.4532,0.6935,6.3535,0.07326,38.76,73.72,1.08891,3.4553,0.7735,12.12,0.025639532
W-1287,Playhouse Wines,White,17.99,6,6.75,0.2987,0.6365,7.857,0.03663,54.06,161.02,1.086294,3.161,0.3731,8.989,0.028801542
W-1288,Luwest Vines,White,6.99,4,8.46,0.2987,0.5225,2.134,0.0495,17.34,115.43,1.085858,3.4008,0.6279,10.403,0.083021375
W-1289,Odd Route,White,10.99,5,5.49,0.3296,0.2375,1.746,0.08514,5.1,31.04,1.0841576,3.6624,0.4004,10.201,0.041313623
W-1290,Perfect Apparel,White,24.99,7,6.48,0.2678,0.228,6.79,0.02277,19.38,126.1,1.0810184,3.4226,0.4459,12.928,0.022707755
W-1291,Second Day Vineyards,White,18.99,6,5.31,0.6386,0.266,3.395,0.03861,56.1,147.44,1.079863,3.7496,0.4004,12.12,0.028070104
W-1292,Bumooxa Vineyards,White,12.99,5,5.58,0.2575,0.418,15.326,0.05643,39.78,161.99,1.0878636,3.4226,0.4641,9.292,0.047151816
W-1293,Volatile,White,16.99,6,5.94,0.4326,0.3135,2.716,0.03366,15.3,82.45,1.0791,3.5752,0.4641,13.534,0.031600115
W-1294,Sevit,White,9.99,4,7.74,0.3502,0.342,1.358,0.04455,11.22,115.43,1.0851604,3.4553,0.4277,9.494,0.055548541
W-1295,Boaconic Vintners,White,17.99,6,6.57,0.2678,0.3135,11.446,0.05643,48.96,123.19,1.0866537,3.379,0.5005,10.1,0.036363636
W-1296,Limestone Winery,White,17.99,6,5.58,0.206,0.266,1.067,0.03861,24.48,75.66,1.078991,3.6624,0.4277,12.221,0.032474817
W-1297,Olielle,White,18.99,6,5.76,0.7107,0.0855,7.372,0.04356,34.68,139.68,1.084332,3.5534,0.3458,10.201,0.027714789
W-1298,Arrowgance Vineyards,White,17.99,6,4.23,0.14935,0.2755,0.97,0.04158,35.7,87.3,1.079972,4.0984,0.4459,11.413,0.03482732
W-1299,Upmarket Winery,White,23.99,7,7.11,0.309,0.646,8.051,0.0495,38.25,280.33,1.0825444,3.2809,0.4641,12.423,0.025176176
W-1300,Nekmunnit,White,8.99,5,5.94,0.3193,0.4655,7.469,0.0495,53.04,213.4,1.086076,3.4008,0.4095,8.888,0.052900893
W-1301,Fliondeso Winery,White,8.99,5,7.56,1.06605,0.1425,5.82,0.07227,11.22,52.38,1.08891,3.6733,0.4459,9.999,0.037583581
W-1302,Dogdax Wine,White,16.99,6,5.94,0.2369,0.285,14.453,0.05049,33.66,114.46,1.0882015,3.3136,0.4914,9.09,0.026358923
W-1303,Silent Abbey Vineyards,White,10.99,5,7.74,0.3811,0.6175,6.208,0.0792,3.06,7.76,1.0880053,3.5643,0.5278,11.11,0.041153957
W-1304,Pentwist,White,15.99,6,8.37,0.4017,0.38,2.522,0.07227,10.2,25.22,1.088256,3.6406,0.6825,10.302,0.029273303
W-1305,Permissible,White,10.99,5,6.48,0.6798,0.0285,2.231,0.07722,16.32,83.42,1.0871987,3.8477,0.5187,9.797,0.040837389
W-1306,Scrawny Rat Vintners,White,12.99,5,7.2,0.618,0.209,2.037,0.0792,25.5,101.85,1.0857817,3.597,0.4459,9.999,0.036363636
W-1307,Aware,White,13.99,6,6.57,0.2369,0.3895,14.162,0.04752,74.46,216.31,1.0885067,3.4444,0.6461,9.494,0.032252768
W-1308,Shaggy Lamb,White,15.99,6,6.21,0.2884,0.266,11.834,0.04158,53.04,134.83,1.0847898,3.3027,0.5096,10.504,0.030052592
W-1309,Yoffa,White,25.99,7,8.01,0.4944,0.5035,3.88,0.09999,3.06,9.7,1.0854874,3.4989,0.5369,12.221,0.023171504
W-1310,Lowly Discussion,White,14.99,5,5.67,0.5871,0.266,2.037,0.04752,13.26,47.53,1.0831766,3.7169,0.546,12.928,0.047743056
W-1311,Skylark,White,16.99,6,5.67,0.3399,0.2565,1.164,0.04554,34.68,169.75,1.082806,3.6733,0.4914,9.494,0.026855469
W-1312,Round Liquid,White,15.99,6,6.93,0.4738,0.171,3.201,0.05346,18.36,138.71,1.0833728,3.4008,0.4641,10.908,0.029083218
W-1313,Taboo Title,White,16.99,6,7.47,0.4326,0.361,2.425,0.09306,24.48,58.2,1.087711,3.6079,0.637,10.908,0.026771742
W-1314,Gusty Gale Wines,White,13.99,6,5.31,0.1545,0.2945,5.626,0.04059,54.06,150.35,1.084005,3.8368,0.4186,10.605,0.0331549
W-1315,Rigid Mountain Winery,White,10.99,5,10.98,0.4635,0.4655,1.358,0.07425,3.06,5.82,1.086621,3.4117,0.5733,10.504,0.03945707
W-1316,Hardly Hurried,White,13.99,6,6.12,0.1442,0.3325,1.455,0.04653,40.8,113.49,1.0803099,3.3463,0.6552,11.211,0.027980637
W-1317,Heavy Cast Vineyards,White,21.99,7,5.04,0.26265,0.5415,10.379,0.05544,67.32,165.87,1.0841576,3.5425,0.5551,10.504,0.025329223
W-1318,Eggmode Wines,White,19.99,6,11.7,0.4841,0.4655,4.171,0.08415,6.12,45.59,1.092289,3.597,0.6188,12.827,0.032586703
W-1319,Gray Ducks,White,13.99,5,9.72,0.9167,0.285,2.522,0.13068,7.14,58.2,1.0876674,3.2591,1.0738,10.302,0.047151816
W-1320,Schoolhouse,White,14.99,6,9.72,0.412,0.3895,2.134,0.08316,7.14,16.49,1.088256,3.3572,0.6097,9.393,0.026522896
W-1321,Snowbank Vines,White,17.99,6,5.94,0.5974,0,2.134,0.099,51,61.11,1.0850296,3.9131,0.6188,11.514,0.034580755
W-1322,Adamant Position,White,10.99,5,7.11,0.5253,0.323,2.522,0.04851,13.26,130.95,1.0827515,3.3681,0.4641,10.1,0.052900893
W-1323,Sweet Regret Wine,White,14.99,6,5.13,0.2575,0.247,12.125,0.04851,53.55,116.4,1.0866319,3.3572,0.4095,9.494,0.031281193
W-1324,Duckpin Winery,White,9.99,5,7.2,0.1854,0.4655,1.746,0.06039,10.2,140.65,1.083678,3.5207,0.4368,10.1,0.046571492
W-1325,Quirkily Anxious Vineyards,White,16.99,6,5.4,0.3502,0.2755,5.917,0.04554,29.58,129.98,1.0841358,3.7932,0.5187,10.807,0.026277505
W-1326,Sasaroo,White,29.99,8,5.58,0.2884,0.266,4.171,0.02574,22.44,101.85,1.07801,3.2482,0.5824,13.231,0.017896189
W-1327,Foresight Winery,White,18.99,7,5.4,0.1751,0.3135,5.82,0.03564,30.6,107.67,1.0830458,3.6188,0.5278,10.23466666,0.021944524
W-1328,Tacit Suggestion,White,24.99,7,6.48,0.3708,0.437,2.037,0.07326,24.48,42.68,1.0849206,3.706,0.7735,11.11,0.021043409
W-1329,Towering Cherry Wines,White,14.99,6,7.11,0.206,0.323,1.164,0.0396,29.58,114.46,1.082588,3.4226,0.3731,10.706,0.027194335
W-1330,Massive Fowl Winery,White,27.99,8,5.85,0.1339,0.3515,0.97,0.03564,48.96,110.58,1.080299,3.7169,0.4641,11.615,0.017580844
W-1331,Rainbow Vineyards,White,19.99,6,5.94,0.3399,0.3895,1.94,0.02673,14.28,76.63,1.0797867,3.5643,0.5733,12.524,0.03470371
W-1332,Wistful Zephyr Wine,White,17.99,6,8.01,0.515,0.1995,2.134,0.08712,21.42,37.83,1.0866428,3.6297,0.7553,11.211,0.035076531
W-1333,Tame Tamarin,White,17.99,6,11.7,0.4841,0.4655,4.171,0.08415,6.12,45.59,1.092289,3.597,0.6188,12.827,0.033620226
W-1334,Left Bank Vines,White,16.99,6,5.58,0.3708,0.228,2.134,0.09405,19.38,40.74,1.084114,3.8913,0.5187,11.817,0.033386346
W-1335,Novaly,White,19.99,6,5.76,0.2781,0.2755,3.783,0.03366,63.24,135.8,1.0816833,3.379,0.5369,11.211,0.026115797
W-1336,Seashore Wine,White,12.99,5,7.38,0.2163,0.456,1.358,0.04059,11.22,96.03,1.085422,3.4553,0.5187,9.999,0.037863012
W-1337,Ancient Acres Vines,White,9.99,4,5.31,0.2163,0.266,4.462,0.05247,40.8,193.03,1.086076,4.0548,0.637,10.1,0.088276128
W-1338,Newsbreak Vineyards,White,8.99,5,5.49,0.3296,0.2375,2.231,0.07029,23.46,56.26,1.0859997,3.7278,0.8827,10.706,0.037722908
W-1339,Ruthless Cook,White,17.99,6,6.93,0.4429,0.2375,2.522,0.07227,29.58,61.11,1.0858035,3.6733,0.5278,10.605,0.031815447
W-1340,Outgoing,White,10.99,5,6.84,0.5047,0.3135,1.843,0.07326,27.54,82.45,1.0867954,3.7169,0.5278,9.09,0.036629549
W-1341,Duckbill Winery,White,13.99,5,9,0.4429,0.3135,2.619,0.09405,28.56,86.33,1.088256,3.5098,0.6188,10.1,0.050872933
W-1342,Morath Wine,White,14.99,5,6.57,0.6077,0.247,1.94,0.0792,17.34,100.88,1.0854656,3.5752,0.4732,9.999,0.048959391
W-1343,Lopsided Bee Winery,White,17.99,6,9.36,0.4223,0.5225,3.104,0.07524,22.44,52.38,1.089564,3.4335,0.8099,9.999,0.029561946
W-1344,Observant Sisters Winery,White,14.99,6,5.4,0.206,0.2375,1.94,0.04059,30.6,92.15,1.0799502,3.5643,0.5096,11.211,0.030252277
W-1345,Amusing Flower Vines,White,19.99,6,5.13,0.2266,0.209,16.1505,0.04356,39.78,106.7,1.0884195,3.5316,0.4368,9.09,0.030863418
W-1346,Waterfront Vineyards,White,18.99,7,7.38,0.3605,0.38,6.111,0.03861,35.7,157.14,1.083024,3.4335,0.3094,12.019,0.022257789
W-1347,Checknology,White,15.99,6,7.11,0.2163,0.38,1.164,0.03861,38.76,103.79,1.08128,3.4989,0.4914,10.908,0.033386346
W-1348,Violet Vines,White,15.99,6,5.85,0.1751,0.3135,1.358,0.02772,14.28,96.03,1.082152,3.5207,0.5005,10.201,0.0343368
W-1349,Sophile Vintners,White,14.99,6,5.4,0.3502,0.2755,5.917,0.04554,29.58,129.98,1.0841358,3.7932,0.5187,10.807,0.032032988
W-1350,Uninhabited Territory Wine,White,15.99,6,5.94,0.92185,0.038,2.231,0.06732,7.14,12.61,1.0854438,3.8477,0.5278,10.908,0.027627015
W-1351,Fortnight,White,22.99,7,6.48,0.1751,0.266,17.0235,0.0495,33.66,149.38,1.0896839,3.2046,0.3913,9.09,0.021160316
W-1352,Someday Wines,White,22.99,7,6.3,0.1854,0.247,1.358,0.04356,46.92,86.33,1.0818904,3.6951,0.4368,10.807,0.01966027
W-1353,Headquarters Vintners,White,16.99,6,6.84,0.2884,0.3705,1.164,0.03762,21.42,111.55,1.08346,3.4444,0.6097,10.1,0.034458454
W-1354,Overboard,White,8.99,5,6.57,0.2987,0.3515,8.051,0.04356,45.9,220.19,1.086294,3.4008,0.4277,9.09,0.043304359
W-1355,Something,White,25.99,7,7.56,0.2266,0.285,1.261,0.03762,45.9,118.34,1.0810402,3.4117,0.4914,10.908,0.021043409
W-1356,Coordinated Effort Wines,White,7.99,3,9.36,0.4532,0.399,1.455,0.14355,34.68,46.56,1.0881688,3.6842,0.7826,9.999,0.133545387
W-1357,Printure,White,6.99,4,5.85,0.2781,0.1805,4.074,0.04554,6.12,110.58,1.085095,3.5425,0.3185,8.686,0.074598524
W-1358,Short Line,White,12.99,5,6.3,0.2987,0.3135,0.873,0.04059,20.4,113.49,1.0796232,3.4989,0.455,11.514,0.039606955
W-1359,Jolly Bell Wines,White,10.99,5,6.3,0.6077,0,1.649,0.05148,3.06,7.76,1.08564,3.7169,0.4277,10.403,0.044354123
W-1360,Unwieldy Cushion Winery,White,18.99,6,6.03,0.2163,0.456,14.356,0.0495,31.62,189.15,1.0893678,3.2155,0.6825,8.888,0.026855469
W-1361,Nocobot Vineyards,White,6.99,4,6.12,0.206,0.2565,1.164,0.03366,19.38,65.96,1.079318,3.4226,0.3367,11.817,0.07739448
W-1362,Timetable,White,21.99,7,9,0.4223,0.4275,6.014,0.07029,6.12,13.58,1.0867518,3.4989,0.4459,11.918,0.023238912
W-1363,Scintillating Vineyards,White,11.99,5,5.4,0.1648,0.285,6.499,0.04257,43.86,148.41,1.084659,3.9567,0.4186,10.706,0.053841335
W-1364,Kiraric Wines,White,10.99,5,6.75,0.3399,0.3705,12.028,0.06435,29.58,115.43,1.087166,3.4444,0.3549,9.494,0.051535766
W-1365,Crossbow Wine,White,12.99,5,6.12,0.6283,0.19,1.746,0.07623,11.22,63.05,1.086839,3.8586,0.5278,9.393,0.044
W-1366,Upshot,White,21.99,7,5.31,0.1751,0.2755,3.007,0.0297,32.64,119.31,1.0781517,3.7169,0.3003,13.837,0.023719114
W-1367,Second-Hand Steam Vineyards,White,12.99,5,6.48,0.3502,0.266,10.088,0.10692,43.86,181.39,1.0871442,3.2264,0.5187,9.494,0.051092449
W-1368,Loving Mother Wine,White,30.99,8,9.27,0.3296,0.4275,6.208,0.07227,5.1,12.61,1.087384,3.5207,0.7462,12.726,0.017492276
W-1369,Frequently Calculating Wines,White,14.99,6,5.22,0.2472,0.247,9.7485,0.03861,64.26,157.14,1.0831875,3.6297,0.455,11.312,0.032812216
W-1370,Prickly Pear Vineyards,White,26.99,7,6.03,0.1339,0.266,1.164,0.04554,35.7,135.8,1.082043,3.6297,0.3003,10.201,0.019818927
W-1371,Stepjump Vineyards,White,20.99,7,6.57,0.2678,0.3135,17.3145,0.04851,42.33,189.15,1.09,3.3354,0.4004,9.191,0.022707755
W-1372,Stoplight Winery,White,24.99,7,5.58,0.1648,0.323,1.649,0.03762,86.7,148.41,1.080081,3.6297,0.7826,12.12,0.025876021
W-1373,Chillaid Winery,White,10.99,5,5.13,0.4635,0.399,1.067,0.05049,62.22,191.09,1.082588,3.2918,0.364,9.09,0.050438124
W-1374,Naperone,White,14.99,6,7.38,0.2369,0.2755,1.746,0.04653,47.94,181.39,1.082697,3.4117,0.455,10.302,0.028523938
W-1375,Striped Donkey Vineyards,White,15.99,6,6.93,0.2472,0.2945,1.261,0.04653,33.66,102.82,1.08237,3.5098,0.5005,10.908,0.03482732
W-1376,Parallel Flight,White,9.99,4,4.68,0.41715,0.1425,1.4065,0.03762,10.2,42.68,1.0804625,3.8368,0.364,11.716,0.083941272
W-1377,Dusty Barrel Wines,White,25.99,7,5.67,0.4223,0.209,7.081,0.03465,23.46,113.49,1.0809748,3.488,0.3549,12.0594,0.021219135
W-1378,Trelod,White,13.99,5,8.37,0.67465,0.247,1.94,0.09504,5.1,33.95,1.0871442,3.5425,0.3822,9.696,0.052439885
W-1379,Wicked Drop Vineyards,White,17.99,6,5.85,0.4017,0.2185,8.051,0.05049,28.56,88.27,1.084768,3.7496,0.5005,12.221,0.028432295
W-1380,Showoff Wines,White,16.99,6,9.27,0.5459,0.456,2.425,0.06237,6.12,24.25,1.089782,3.4008,0.5369,9.393,0.027980637
W-1381,Therapeutic Vintners,White,8.99,5,8.01,0.2781,0.323,10.379,0.02871,19.89,161.02,1.0863921,3.4117,0.4368,10.706,0.038720261
W-1382,Meantime Vintners,White,9.99,4,5.85,0.6901,0,4.171,0.05643,11.22,19.4,1.0844192,3.7605,0.5096,11.918,0.056305153
W-1383,Finicky Cheese Vintners,White,14.99,5,6.48,0.4738,0.6175,10.088,0.0495,77.52,186.24,1.087384,3.4444,0.3822,8.787,0.043304359
W-1384,Hapless Vineyards,White,17.99,6,8.37,0.5047,0.342,1.649,0.08019,3.06,13.58,1.0867518,3.5643,0.7098,11.009,0.02736618
W-1385,Judicious Brass Wine,White,27.99,8,6.57,0.1957,0.2565,13.483,0.05643,45.9,150.35,1.0878963,3.2046,0.3731,8.888,0.016240261
W-1386,Uppermost Vineyards,White,19.99,7,6.93,0.94245,0.114,2.134,0.14157,7.14,22.31,1.086076,3.6515,0.5915,10.302,0.025252525
W-1387,Polite Panda Wines,White,13.99,5,5.58,0.5768,0.0855,1.649,0.05247,24.48,31.04,1.0834818,3.8586,0.546,11.413,0.040837389
W-1388,Futuristic Wines,White,13.99,6,7.11,0.5253,0.2375,2.813,0.07623,21.42,43.65,1.087166,3.8041,0.8736,12.221,0.029465259
W-1389,Inquisitive Station Vintners,White,17.99,6,5.49,0.1545,0.2755,6.014,0.04554,39.78,146.47,1.0842339,3.924,0.4004,10.706,0.026522896
W-1390,Exciting Produce Wine,White,14.99,6,10.35,0.1854,0.4845,3.88,0.10296,4.08,22.31,1.089564,3.5752,0.8827,10.201,0.026358923
W-1391,Boaclick,White,8.99,4,5.22,0.2884,0.3325,2.231,0.05247,36.72,110.58,1.081716,3.5752,0.455,10.302,0.076579807
W-1392,Zany View,White,20.99,7,5.94,0.206,0.2565,10.573,0.03762,29.58,126.1,1.0845064,3.3899,0.4004,10.605,0.024799575
W-1393,Hoopper Vines,White,9.99,4,5.22,0.2678,0.285,2.522,0.03366,76.5,125.13,1.079318,3.488,0.3458,11.615,0.060330501
W-1394,Mighty Nettle,White,26.99,7,9.18,0.2987,0.4655,2.522,0.05841,5.1,12.61,1.087384,3.3245,0.6734,10.605,0.024949195
W-1395,Present Plough,White,14.99,6,8.37,0.3708,0.3705,1.455,0.0792,41.82,53.35,1.0862068,3.7823,0.6643,11.009,0.034580755
W-1396,Well-Made Box Vineyards,White,10.99,5,6.12,0.2575,0.171,1.358,0.05544,13.26,132.89,1.082915,3.3899,0.3822,9.595,0.051092449
W-1397,Sandstone Winery,White,11.99,5,5.58,0.4635,0.6935,6.984,0.09801,47.94,195.94,1.0854438,3.4989,0.3913,9.292,0.048959391
W-1398,Modgone,White,10.99,5,9.72,0.4635,0.3135,2.425,0.09801,20.4,36.86,1.0880162,3.5316,0.6461,10.908,0.050872933
W-1399,Exciting Theory Wines,White,18.99,6,6.12,0.2678,0.247,1.94,0.01881,23.97,69.84,1.0795469,3.4444,0.4277,11.918,0.031815447
W-1400,Drywest Vintners,White,19.99,6,5.58,0.1545,0.2565,10.67,0.03465,46.92,112.52,1.0856618,3.4008,0.3458,9.191,0.030967074
W-1401,Dependent Metal Vintners,White,13.99,6,7.2,0.74675,0.228,2.716,0.08217,10.2,60.14,1.0865665,3.6515,0.5096,10.1,0.032142596
W-1402,Swooflia,White,12.99,5,7.47,0.5562,0.228,3.298,0.07524,16.32,108.64,1.087384,3.5643,0.5551,9.494,0.038575376
W-1403,Firecracker Vintners,White,16.99,6,8.1,0.309,0.4655,6.984,0.03861,32.64,81.48,1.083242,3.2046,0.2912,11.615,0.034458454
W-1404,Unsuitable Suitor Wines,White,22.99,7,5.4,0.2472,0.2565,1.843,0.04752,40.8,164.9,1.083242,3.9676,0.4914,10.1,0.025639532
W-1405,Tupress,White,23.99,7,6.12,0.2163,0.38,6.111,0.03168,40.8,117.37,1.0814326,3.4662,0.4823,12.12,0.022707755
W-1406,Upright Wine,White,8.99,5,7.02,0.8446,0.2755,4.171,0.08217,21.42,62.08,1.0860978,3.4444,0.4823,9.494,0.049796288
W-1407,Sleepy Giraffe,White,10.99,5,6.03,0.2781,0.2375,7.76,0.05247,55.08,195.94,1.085749,3.5098,0.3913,9.393,0.04147422
W-1408,Petite Pail Vines,White,14.99,6,5.94,0.5562,0.1995,15.811,0.05445,41.82,176.54,1.088474,3.6515,0.4914,10.504,0.027280055
W-1409,Boundless Spring Winery,White,17.99,6,5.4,0.4017,0.247,2.619,0.03762,39.78,181.39,1.0826425,3.7169,0.455,10.908,0.036363636
W-1410,Gullible Vines,White,9.99,4,5.4,0.6901,0.0665,1.164,0.0594,9.18,104.76,1.082479,3.3899,0.3185,8.787,0.082567086
W-1411,Eminent Yak,White,19.99,6,6.39,0.1854,0.703,15.132,0.04356,44.88,170.72,1.089564,3.6842,0.6097,9.09,0.031071252
W-1412,Soostev Vineyards,White,14.99,6,5.4,0.2472,0.3895,1.261,0.03564,42.84,114.46,1.0792962,3.3136,0.5824,11.85066666,0.031175957
W-1413,Mammoth Land,White,14.99,5,6.12,0.5871,0.2755,2.134,0.0396,15.3,74.69,1.083242,3.6188,0.6734,10.302,0.038003897
W-1414,Entertaining Egghead Vines,White,15.99,6,4.77,0.618,0.323,1.358,0.03069,3.06,58.2,1.0775086,3.5643,0.3458,13.13,0.0331549
W-1415,Shortbread Wine,White,18.99,7,8.82,0.6798,0.3705,3.104,0.08217,21.42,57.23,1.088801,3.6733,0.6461,11.615,0.024358701
W-1416,Dear Friends Wines,White,15.99,6,5.85,0.5253,0.1425,2.91,0.06336,12.24,26.19,1.082261,3.6297,0.5369,12.928,0.029854878
W-1417,Hesitant Step Vines,White,14.99,6,5.85,0.4223,0.228,13.58,0.04752,24.48,109.61,1.088038,3.7496,0.4823,9.898,0.02693959
W-1418,Unequaled Tray Wine,White,11.99,5,6.12,0.3708,0.304,1.552,0.03861,10.2,120.28,1.084332,3.597,0.6097,9.696,0.036763601
W-1419,Outrageous Worm,White,24.99,7,8.37,0.3811,0.418,1.552,0.03762,21.42,40.74,1.0848334,3.5316,0.7371,10.908,0.024504344
W-1420,Skizzle Vineyards,White,14.99,5,8.19,0.3399,0.361,1.649,0.06138,51.51,333.68,1.085422,3.379,0.637,9.595,0.040061768
W-1421,Natural,White,14.99,6,7.47,0.5047,0.342,1.746,0.21978,6.12,15.52,1.08782,3.4662,0.546,9.595,0.031281193
W-1422,Auspicious Cow Wines,White,17.99,6,5.85,0.3708,0.2945,3.977,0.06039,20.4,129.98,1.0842775,3.4662,0.4095,9.09,0.028988869
W-1423,Keen Dime Wines,White,14.99,5,6.75,0.6283,0.19,1.649,0.07524,36.72,58.2,1.0844846,3.379,0.364,9.393,0.050872933
W-1424,Rowlow,White,27.99,8,6.48,0.3914,0.2945,1.94,0.05544,15.3,28.13,1.0842448,3.5207,0.6916,11.413,0.01635931
W-1425,Fascinating Story Vineyards,White,9.99,4,6.21,0.4017,0.228,2.037,0.10098,4.08,6.79,1.0841358,3.7496,0.5278,11.514,0.058400051
W-1426,Imaginary Actor Vintners,White,12.99,5,6.12,0.2678,0.209,7.469,0.04653,58.14,203.7,1.085531,3.379,0.4277,9.09,0.050654828
W-1427,Smiling People,White,13.99,6,5.67,0.3811,0.3515,1.455,0.02376,12.24,73.72,1.0777484,3.2046,0.3549,12.423,0.035328426
W-1428,Wooden Frame,White,13.99,5,9.18,0.2472,0.4655,2.328,0.07425,10.2,27.16,1.087602,3.4226,0.5551,10.504,0.042625086
W-1429,Enchanting Hall,White,13.99,6,6.66,0.2781,0.4655,1.067,0.03663,33.66,151.32,1.08128,3.4335,0.4914,11.211,0.029369046
W-1430,Salty Sea Wines,White,12.99,5,6.12,0.2678,0.4085,11.3975,0.04455,54.06,192.06,1.086621,3.5534,0.5005,9.595,0.052900893
W-1431,Unbiased Estimate Winery,White,23.99,7,6.48,0.206,0.323,2.619,0.03168,49.98,146.47,1.0791,3.4444,0.3549,12.827,0.021101741
W-1432,Catwalk Vintners,White,17.99,6,4.77,0.3708,0.2565,6.111,0.02772,40.8,128.04,1.0811274,3.6733,0.364,11.716,0.026855469
W-1433,Lazap Wine,White,16.99,6,5.94,0.88065,0.019,2.328,0.06138,15.3,22.31,1.0859343,3.8586,0.546,11.11,0.032812216
W-1434,Shivering Branch Vintners,White,18.99,6,7.38,0.5253,0.228,1.94,0.07821,16.32,83.42,1.0874276,3.6406,0.5824,9.595,0.030352865
W-1435,Jagged Edges Wines,White,14.99,6,6.3,0.1339,0.285,4.85,0.05544,31.62,118.34,1.084005,3.7823,0.3822,10.605,0.027891598
W-1436,Chorenn Winery,White,14.99,5,6.93,0.4223,0.722,1.746,0.60489,8.16,43.65,1.086512,3.3354,1.1466,9.494,0.045258364
W-1437,Fishnet,White,10.99,5,8.46,0.3502,0.3515,2.134,0.07425,5.1,12.61,1.08782,3.5098,0.5642,9.292,0.039606955
W-1438,Absorbing Story,White,18.99,6,6.21,0.4738,0.19,0.873,0.05346,5.1,122.22,1.08128,3.379,0.3822,10.504,0.027280055
W-1439,Quaint Loch Vineyards,White,13.99,6,6.48,0.1957,0.2565,10.864,0.06039,46.92,144.53,1.0875148,3.2591,0.5369,9.393,0.034215789
W-1440,Ironwork,White,12.99,5,6.57,0.3811,0.152,14.453,0.04752,60.18,232.8,1.0889318,3.4117,0.4095,8.989,0.036898389
W-1441,Jobox Vintners,White,14.99,5,6.66,0.2266,0.3135,1.94,0.04455,31.62,97.97,1.082479,3.7278,0.5005,11.514,0.038720261
W-1442,Diligent Guide Wine,White,19.99,6,6.21,0.3914,0.2755,13.2405,0.04752,53.04,183.33,1.0876456,3.27,0.546,9.595,0.031175957
W-1443,Unruly Arch Vintners,White,16.99,6,5.13,0.2163,0.228,2.231,0.04653,61.2,183.33,1.08455,3.9785,0.6552,10.201,0.026688406
W-1444,Cooperative,White,19.99,7,6.57,0.14935,0.3135,1.067,0.04158,14.28,62.08,1.0792308,3.379,0.3367,11.918,0.022904785
W-1445,Minivivi Wine,White,16.99,6,5.4,0.2266,0.2185,4.85,0.04455,10.2,118.34,1.0819449,3.2046,0.5733,10.1,0.029953491
W-1446,Sixfold,White,32.99,8,6.3,0.2266,0.247,8.924,0.02673,37.74,118.34,1.0815852,3.3354,0.3094,12.625,0.016161616
W-1447,Skylight Vineyards,White,19.99,6,7.56,0.5356,0.209,2.619,0.08316,4.08,17.46,1.0865338,3.5534,0.5187,9.999,0.026522896
W-1448,Grandstand,White,19.99,7,6.48,0.2472,0.2755,2.134,0.03663,37.74,98.94,1.08128,3.5643,0.5824,11.11,0.020755343
W-1449,Tomash Winery,White,15.99,6,6.66,0.2575,0.342,12.804,0.06633,54.06,172.66,1.087384,3.2809,0.4368,9.09,0.029561946
W-1450,Vallume Wines,White,18.99,6,5.67,0.2575,0.418,1.649,0.02376,36.72,112.52,1.0783915,3.4662,0.364,12.625,0.028341093
W-1451,Harmonious Notes,White,13.99,5,5.67,0.1751,0.2185,5.529,0.04752,44.88,142.59,1.0832638,3.3572,0.4914,10.1,0.047151816
W-1452,Butternut,White,14.99,5,5.22,0.2781,0.19,14.5015,0.04356,22.44,173.63,1.085858,3.6733,0.3367,10.302,0.042457764
W-1453,Blacklist,White,17.99,6,5.94,0.2575,0.285,13.968,0.05148,40.8,177.51,1.08782,3.2918,0.455,9.191,0.029659109
W-1454,Snotty Snob,White,19.99,6,7.2,0.2266,0.266,13.58,0.05247,84.66,191.09,1.087929,3.4226,0.4095,9.898,0.027980637
W-1455,Steeplump,White,11.99,5,6.84,0.3811,0.4845,11.349,0.09306,59.16,175.57,1.0875584,3.1719,0.4641,9.09,0.049796288
W-1456,Noodile Vines,White,11.99,5,11.25,0.5768,0.4655,2.328,0.06336,5.1,26.19,1.089891,3.3572,0.7917,11.009,0.045258364
W-1457,Pointless Door,White,14.99,5,6.39,0.2369,0.266,1.843,0.04554,33.66,99.91,1.0790673,3.4008,0.2821,12.12,0.039012488
W-1458,Replitz Vintners,White,11.99,5,6.39,0.7107,0.038,2.037,0.06732,19.38,26.19,1.0868608,3.7496,0.6097,9.898,0.047544746
W-1459,Happy Riddle,White,13.99,5,6.93,0.5047,0.247,1.843,0.06138,9.18,30.07,1.086294,3.6951,0.5824,9.696,0.05131339
W-1460,Organic Turn Vines,White,14.99,6,6.66,0.206,1.577,2.037,0.02178,34.68,109.61,1.0808985,3.5534,0.5005,12.322,0.034095417
W-1461,Cartwheel Vineyards,White,14.99,6,6.57,0.6901,0.019,2.134,0.07128,31.62,89.24,1.0852694,3.6188,0.6188,11.17733334,0.030967074
W-1462,Redundant Butter,White,21.99,7,6.48,0.3811,0.304,1.94,0.06138,15.3,27.16,1.084223,3.5207,0.6643,11.413,0.020142056
W-1463,Losenoid,White,14.99,5,8.55,0.8858,0.247,1.843,0.07821,13.26,27.16,1.0868608,3.5425,0.5642,10.1,0.040995215
W-1464,Alluring Light,White,8.99,5,5.67,0.2781,0.2185,2.813,0.04653,13.26,97,1.083024,3.5752,0.3913,9.898,0.037307232
W-1465,Faint Whisper Vintners,White,12.99,5,6.84,0.4017,0.2945,2.231,0.08118,23.46,68.87,1.088038,3.8368,0.5915,9.797,0.037307232
W-1466,Hysleria Vines,White,17.99,6,8.64,0.3914,0.399,1.843,0.07029,5.1,12.61,1.0862831,3.4335,0.6825,10.605,0.030760282
W-1467,Cultured Set Winery,White,36.99,8,7.2,0.3502,0.4655,8.73,0.03267,39.78,174.6,1.083024,3.4117,0.3458,12.423,0.015405623
W-1468,Ludicrous Calculator Wines,White,10.99,5,6.39,0.4429,0.399,5.335,0.0693,29.58,125.13,1.087057,3.7278,0.6552,10.605,0.04619054
W-1469,Rodrup Winery,White,36.99,8,6.57,0.1751,0.228,7.857,0.11979,32.64,157.14,1.0846372,3.4553,0.3458,10.504,0.016240261
W-1470,Caring Creditor Vintners,White,14.99,5,7.47,0.8755,0.133,2.425,0.09207,13.26,52.38,1.0869916,3.6624,0.4914,10.201,0.053368006
W-1471,Upturn,White,17.99,6,6.21,0.2575,0.3135,1.164,0.03465,35.7,153.26,1.0799938,3.2918,0.5278,11.413,0.035711387
W-1472,Kaloolun,White,18.99,7,4.32,0.2678,0.2185,10.282,0.03366,23.46,107.67,1.0820866,3.7714,0.2548,11.615,0.022384977
W-1473,Pleasant Grapes Vintners,White,11.99,5,6.12,0.2163,0.2565,17.6055,0.04158,41.82,141.62,1.090109,3.597,0.3276,8.787,0.040215115
W-1474,Luezoid,White,14.99,5,6.57,0.71585,0,2.425,0.07425,3.06,12.61,1.08782,3.8041,0.4732,9.292,0.049166625
W-1475,Castrealm Wine,White,14.99,5,6.39,0.4738,0.133,2.716,0.07524,15.3,35.89,1.0859016,3.6624,0.4459,10.807,0.037307232
W-1476,Spusious Wine,White,21.99,7,5.67,0.309,0.2755,2.037,0.04752,33.66,137.74,1.0786204,3.5098,0.4186,13.029,0.02052913
W-1477,Waterside,White,9.99,5,6.57,0.7519,0.228,1.843,0.10692,18.36,98.94,1.086403,3.5534,0.5369,9.393,0.043304359
W-1478,Laughable Observation Wines,White,10.99,4,6.21,1.1227,0.057,2.037,0.06039,12.24,30.07,1.084332,3.8259,0.3913,11.514,0.059215874
W-1479,Reiltas Vineyards,White,19.99,7,5.94,0.5768,0.133,2.328,0.06336,13.26,28.13,1.0834273,3.7278,0.5642,11.817,0.020869856
W-1480,Groovy Mask Vineyards,White,15.99,6,6.57,0.2472,0.323,14.938,0.0495,38.76,168.78,1.088147,3.3027,0.3822,9.09,0.03610061
W-1481,Joyous Friends Wines,White,17.99,6,6.66,0.206,0.3515,16.4415,0.04752,43.86,184.3,1.089455,3.3027,0.3822,9.292,0.032812216
W-1482,Riverbanks,White,16.99,6,6.21,0.1957,0.3325,13.095,0.03762,49.98,114.46,1.0850514,3.27,0.5733,10.807,0.029273303
W-1483,Jeren,White,19.99,7,6.66,0.206,0.3325,2.037,0.03762,30.6,112.52,1.084441,3.8041,0.7007,10.403,0.022131683
W-1484,Looplab,White,19.99,6,7.11,0.2266,0.228,4.462,0.04356,39.78,154.23,1.082043,3.2591,0.2548,11.615,0.035202141
W-1485,Backlash Winery,White,19.99,6,9.81,0.5459,0.4655,4.462,0.11682,10.2,16.49,1.090218,3.3463,0.5096,11.817,0.029178028
W-1486,Level Headed Vintners,White,12.99,5,5.49,0.3502,0.2375,1.746,0.08316,4.08,27.16,1.0841576,3.6624,0.4004,10.201,0.04734767
W-1487,Nedril,White,15.99,6,5.94,0.4017,0.361,9.409,0.05247,49.98,219.22,1.0876783,3.597,0.5187,9.494,0.032474817
W-1488,Zestily Jealous Vines,White,15.99,6,10.26,0.2678,0.418,3.492,0.07029,6.12,18.43,1.088474,3.4008,0.7462,9.393,0.02710902
W-1489,Questionably Overconfident,White,18.99,7,6.3,0.1545,0.266,14.259,0.05049,29.58,144.53,1.0877328,3.2264,0.3549,9.09,0.022006646
W-1490,Didiza Wine,White,13.99,6,6.66,0.3708,0.3135,1.358,0.02475,27.54,53.35,1.080735,3.4989,0.3003,11.312,0.029273303
W-1491,Turnbuckle,White,13.99,6,6.03,0.2781,0.6555,1.164,0.17424,36.72,102.82,1.0822392,3.2264,0.3913,9.292,0.026358923
W-1492,Nevermore,White,14.99,6,6.03,0.7725,0.0095,2.328,0.07722,17.34,31.04,1.085095,3.8695,0.5551,12.928,0.026771742
W-1493,Hendassa Vintners,White,16.99,6,8.19,0.618,0,1.843,0.05742,5.1,9.7,1.087493,3.4662,0.5733,10.504,0.02693959
W-1494,Brief Rain Wine,White,22.99,7,5.76,0.2678,0.228,6.208,0.0396,27.54,120.28,1.079427,3.5098,0.4459,12.726,0.025876021
W-1495,Voonex,White,16.99,6,6.3,0.2163,0.209,4.947,0.04752,38.76,162.96,1.084005,3.6406,0.4459,10.504,0.027627015
W-1496,Lively Jelly Vines,White,19.99,6,8.46,0.515,0.323,3.492,0.08118,5.1,13.58,1.088583,3.5861,0.4732,10.807,0.033620226
W-1497,Thoughtful Farm Vines,White,12.99,5,6.84,0.4738,0.1045,2.522,0.07821,12.24,47.53,1.086512,3.4989,0.5187,10.1,0.047151816
W-1498,Curvy Road,White,14.99,5,6.39,0.4944,0.266,2.716,0.06732,6.12,15.52,1.0865338,3.5316,0.4823,10.403,0.047942608
W-1499,Wavefire,White,14.99,5,6.39,0.3193,0.4465,13.192,0.05544,55.08,191.09,1.087602,3.379,0.4459,9.393,0.042962709
W-1500,Quick Detail,White,13.99,5,6.12,0.309,0.209,6.014,0.0594,41.82,184.3,1.0884522,3.4662,0.4641,9.292,0.03703392
W-1501,Lulerain,White,13.99,5,6.3,0.2884,0.266,1.358,0.03861,12.24,80.51,1.0809857,3.4662,0.5915,11.211,0.045627819
W-1502,Honeysuckle,White,12.99,5,7.83,0.7107,0,3.104,0.08316,13.26,32.01,1.089128,3.6624,0.4095,9.494,0.036363636
W-1503,Divergent Approval,White,13.99,5,6.21,0.4429,0.266,9.118,0.05544,29.58,177.51,1.0855746,3.4553,0.3913,9.494,0.053368006
W-1504,Witty Kittens,White,14.99,6,7.2,0.206,0.342,1.164,0.03168,21.42,75.66,1.081389,3.3572,0.3367,10.504,0.028432295
W-1505,Defiant Winery,White,11.99,5,6.3,0.8034,0.076,1.94,0.09207,10.2,18.43,1.085204,3.706,0.4277,10.1,0.047743056
W-1506,Vasagle,White,13.99,5,5.85,0.2472,0.228,1.552,0.04554,15.3,58.2,1.082152,3.4771,0.3549,9.898,0.05175959
W-1507,Public Floor Wines,White,11.99,5,6.57,0.6901,0.247,1.746,0.39699,16.32,49.47,1.086621,3.4444,1.0374,9.494,0.039757695
W-1508,Tenuous Connection,White,18.99,6,8.01,0.8652,0.323,1.358,0.0495,4.08,9.7,1.0851386,3.4008,0.4368,9.191,0.034951593
W-1509,Wheelhouse,White,20.99,7,6.66,0.1957,0.285,12.416,0.05247,49.47,205.64,1.088474,3.4226,0.4459,9.191,0.024651296
W-1510,Maddening Recess,White,12.99,5,5.76,0.2472,0.266,11.155,0.0495,34.68,158.11,1.086621,3.6079,0.4095,9.595,0.048345485
W-1511,Clever Cannon,White,13.99,5,6.48,0.3502,0.304,2.425,0.0891,43.86,109.61,1.086294,3.6188,0.7189,11.211,0.05131339
W-1512,Moonscape Vintners,White,11.99,5,6.93,0.7107,0.209,1.843,0.08316,18.36,91.18,1.085749,3.6079,0.4368,9.595,0.043133026
W-1513,Sunfish,White,13.99,5,6.57,0.1545,0.38,1.94,0.0495,24.48,89.24,1.082588,3.4226,0.4095,10.605,0.046571492
W-1514,Gleblu Wine,White,8.99,5,5.04,0.515,0.0855,2.231,0.04851,17.34,96.03,1.083133,3.9567,0.5733,13.13,0.047151816
W-1515,Honeybee Vintners,White,16.99,6,6.3,0.2987,0.3515,1.552,0.03465,34.68,122.22,1.0797322,3.5534,0.4277,12.423,0.027714789
W-1516,Stingy Uncle Vineyards,White,19.99,6,5.76,0.3296,0.2565,4.753,0.03366,18.36,118.34,1.080844,3.6624,0.6461,12.625,0.026358923
W-1517,Cattail Wines,White,15.99,6,6.66,0.3502,0.399,1.067,0.03267,17.34,165.87,1.080953,3.4008,0.4823,11.413,0.026358923
W-1518,Superb Plate,White,21.99,7,6.39,0.4532,0.3515,2.619,0.04059,35.7,124.16,1.078664,3.3463,0.3913,13.635,0.020251524
W-1519,Flat Sail,White,16.99,6,8.01,0.2472,0.3705,1.552,0.07326,3.06,9.7,1.0867082,3.4008,0.5369,9.595,0.026522896
W-1520,Vagabond Shop Vineyards,White,6.99,4,6.57,0.5047,0.304,5.044,0.04257,18.36,100.88,1.084768,3.5316,0.4095,10.807,0.081226371
W-1521,Plifal Vintners,White,18.99,7,6.66,0.206,0.266,8.827,0.04653,29.58,92.15,1.0848988,3.4444,0.4277,9.898,0.021219135
W-1522,Cazoova Wines,White,14.99,6,7.38,0.2678,0.4655,5.044,0.0396,19.38,97,1.083569,3.4008,0.3094,10.201,0.030352865
W-1523,Waterwheel,White,15.99,6,6.84,0.2472,0.418,3.686,0.03663,49.98,141.62,1.080299,3.3354,0.3367,11.716,0.028708559
W-1524,Onama,White,14.99,5,9,0.5974,0.209,1.843,0.0792,9.18,31.04,1.087166,3.4117,0.5005,9.595,0.036496229
W-1525,Bellbottom Wine,White,12.99,5,6.39,0.3502,0.266,1.94,0.08118,31.62,65.96,1.0866646,3.7605,0.4368,9.494,0.038288038
W-1526,Majestic Power Vines,White,16.99,6,9,0.206,0.3705,1.358,0.0495,19.38,147.44,1.08346,3.27,0.3822,10.504,0.031071252
W-1527,Tricky Task Vintners,White,16.99,6,5.67,0.1751,0.304,4.074,0.0396,37.74,113.49,1.0810838,3.5316,0.3913,11.413,0.026115797
W-1528,Upscale,White,18.99,6,6.3,0.1751,0.399,0.97,0.07425,19.38,68.87,1.0802227,3.6188,0.5642,11.514,0.030657662
W-1529,Spourmo Vintners,White,18.99,6,6.93,0.3502,0.266,10.67,0.0396,31.62,113.49,1.0879835,3.5643,0.2639,9.292,0.035076531
W-1530,Uneven Vineyards,White,9.99,5,6.03,0.1442,0.437,1.552,0.03564,15.3,89.24,1.0819776,3.6733,0.4459,11.009,0.044
W-1531,Pegmode,White,25.99,8,6.3,0.5459,0.4085,5.917,0.02871,6.12,73.72,1.0803862,3.3572,0.455,12.625,0.019555556
W-1532,Energetically Ignorant,White,19.99,6,6.03,0.309,0.475,11.737,0.04455,38.76,123.19,1.087166,3.3136,0.4823,8.989,0.036231765
W-1533,Snowball,White,11.99,5,6.3,0.3605,0.228,1.843,0.0396,21.42,139.68,1.081607,3.6515,0.3458,11.11,0.05313368
W-1534,Rain Stick,White,22.99,7,6.03,0.4841,0.2755,4.6075,0.03366,29.58,129.98,1.0797104,3.5861,0.4186,13.13,0.024286368
W-1535,Limelight Winery,White,18.99,6,6.12,0.2266,0.2945,6.111,0.03465,33.66,164.9,1.081062,3.5316,0.6006,12.726,0.027714789
W-1536,Johackle Vineyards,White,26.99,7,5.4,0.2884,0.2565,15.035,0.03564,31.62,129.98,1.0835472,3.4771,0.4004,13.13,0.025100173
W-1537,Melted Copper Vintners,White,16.99,6,5.04,0.1957,0.3705,1.067,0.04257,17.34,64.99,1.081062,3.5207,0.4823,10.403,0.0331549
W-1538,Nifty Monkey,White,49.99,9,8.19,0.2781,0.4275,10.282,0.03465,28.56,120.28,1.08673,3.488,0.4186,10.504,0.013763144
W-1539,Bookbox Vineyards,White,13.99,6,7.92,0.2781,0.3705,1.94,0.099,20.4,26.19,1.0850514,3.4335,0.6279,11.312,0.02816
W-1540,Lovely Writer Vines,White,14.99,5,6.03,0.206,0.3515,1.6005,0.02475,42.84,99.91,1.0793398,3.3899,0.4095,11.514,0.048753463
W-1541,Slowdown Wines,White,14.99,5,10.08,0.412,0.475,1.94,0.09801,19.38,48.5,1.0876347,3.379,0.5278,10.504,0.040215115
W-1542,Perpetual Shade,White,22.99,7,5.76,0.3605,0.266,1.552,0.03663,31.62,109.61,1.0766911,3.4008,0.364,14.342,0.025329223
W-1543,Flawless Memory,White,10.99,5,7.29,0.6798,0.209,2.134,0.06831,9.18,22.31,1.086512,3.597,1.092,10.403,0.037307232
W-1544,Fluttering Butterfly,White,8.99,5,6.3,0.515,0.2375,1.94,0.0693,3.06,21.34,1.085967,3.5425,0.5733,9.292,0.049585063
W-1545,Teamwork Vineyards,White,22.99,7,6.57,0.2575,0.3895,1.746,0.03663,53.04,160.05,1.080299,3.5861,0.3549,12.322,0.022257789
W-1546,Gogopo,White,22.99,7,5.67,0.2781,0.361,0.873,0.05049,7.14,135.8,1.081934,3.7605,0.455,10.605,0.020869856
W-1547,Sassee Wine,White,16.99,6,5.85,0.1339,0.2565,2.522,0.03465,32.64,73.72,1.080626,3.4989,0.6916,11.44666666,0.033040077
W-1548,Jumpy Wheel Wine,White,10.99,5,5.13,0.2678,0.228,17.266,0.05841,23.46,120.28,1.0875257,3.597,0.455,10.201,0.038575376
W-1549,Ballroom Vines,White,20.99,7,5.31,0.3502,0.2945,1.94,0.0297,38.76,137.74,1.0779228,3.706,0.3731,13.029,0.025796829
W-1550,Fantastic Farm Vines,White,17.99,6,5.31,0.3296,0.19,13.968,0.0495,29.58,139.68,1.0863594,3.5316,0.3731,10.403,0.029854878
W-1551,Small Estate Vintners,White,10.99,5,6.84,0.9785,0.0285,1.94,0.0891,7.14,19.4,1.085531,3.488,0.5096,9.696,0.036496229
W-1552,Watershed Wine,White,14.99,6,6.21,0.2472,0.342,20.176,0.03069,40.8,134.83,1.087275,3.488,0.3003,11.11,0.035455393
W-1553,Versed Wines,White,13.99,5,6.48,0.2781,0.703,12.125,0.03663,47.94,151.32,1.087929,3.3136,0.4004,8.787,0.038288038
W-1554,Crestboot Vintners,White,16.99,6,7.11,0.1442,0.266,1.746,0.04059,44.88,172.66,1.084986,3.7605,0.3913,9.292,0.02736618
W-1555,Unique,White,19.99,6,6.48,0.3502,0.1995,2.425,0.07425,41.82,65.96,1.0854874,3.6733,0.4914,10.201,0.033502981
W-1556,Pinstripe,White,11.99,5,7.56,0.2884,0.38,8.633,0.04752,33.66,141.62,1.088692,3.706,0.4186,9.393,0.043476715
W-1557,Superfine Vintners,White,14.99,5,7.65,0.4532,0.475,1.843,0.36531,15.3,36.86,1.0860106,3.2809,1.001,9.494,0.047544746
W-1558,Yodacloud Vintners,White,23.99,7,13.5,0.2163,0.418,2.134,0.07425,10.2,23.28,1.0900545,3.3463,0.7644,9.292,0.024725269
W-1559,Immense Grape,White,14.99,5,7.92,0.618,0.2755,2.134,0.09702,5.1,14.55,1.088692,3.6624,0.4459,9.191,0.037863012
W-1560,Amused,White,17.99,6,5.58,0.1854,0.285,0.97,0.03069,23.46,70.81,1.0794488,3.5207,0.4732,11.413,0.030453958
W-1561,Esuyp,White,22.99,7,6.39,0.1854,0.4655,1.261,0.03267,12.24,69.84,1.0798848,3.3245,0.4823,11.413,0.025329223
W-1562,Drawbridge Vineyards,White,14.99,5,5.58,0.4738,0.1615,1.552,0.07227,7.14,10.67,1.0837325,3.9349,0.4914,11.514,0.037863012
W-1563,Guarded Tail Vintners,White,19.99,6,6.57,0.1442,0.4655,1.067,0.03762,28.56,96.03,1.082152,3.488,0.6552,10.706,0.02736618
W-1564,Tremendous Color,White,14.99,6,5.67,0.1648,0.209,1.261,0.04554,18.36,64.02,1.0824463,3.9349,0.5005,10.403,0.032925851
W-1565,High Hill Wines,White,20.99,7,6.57,0.412,0.247,5.2865,0.01584,26.52,87.3,1.0785659,3.0956,0.4914,13.332,0.020251524
W-1566,Moonbeam Vintners,White,22.99,7,6.93,0.2472,0.2755,14.841,0.04356,39.78,188.18,1.088038,3.3354,0.4277,9.696,0.019765829
W-1567,Yeinydd Winery,White,18.99,6,6.48,0.2884,0.247,12.125,0.04554,48.96,173.63,1.087275,3.379,0.4732,9.09,0.0331549
W-1568,Friendly Fox,White,14.99,6,7.38,0.206,0.4655,3.395,0.05643,14.28,104.76,1.082152,3.4771,0.3185,11.615,0.031175957
W-1569,Bookseller Winery,White,9.99,5,5.58,0.206,0.247,1.649,0.09207,40.8,156.17,1.081716,3.7496,0.6006,11.11,0.036496229
W-1570,Zealously Honorable Vintners,White,14.99,6,6.93,0.73645,0.0095,2.037,0.06336,31.62,41.71,1.0831439,3.7169,0.5187,11.918,0.027980637
W-1571,Wonderful Arithmetic,White,9.99,5,7.11,0.35535,0.4845,14.841,0.04653,55.08,165.87,1.088583,3.3681,0.4641,9.191,0.039159844
W-1572,Noelind Wines,White,28.99,8,4.95,0.1545,0.304,13.58,0.03069,16.32,96.03,1.0838633,3.5534,0.3458,11.615,0.015626754
W-1573,Zestybus,White,14.99,5,7.11,0.3605,0.342,1.552,0.03762,11.22,120.28,1.082152,3.5425,0.4368,11.11,0.037722908
W-1574,Jackpot,White,25.99,7,5.67,0.4223,0.285,3.104,0.0297,49.98,159.08,1.082043,3.8477,0.7189,11.817,0.019872239
W-1575,Impossible Notion Winery,White,27.99,8,6.3,0.1236,0.2755,9.991,0.03861,41.82,95.06,1.0852476,3.4771,0.3458,9.898,0.016479672
W-1576,Rare Dirt,White,13.99,6,7.38,0.3502,0.3515,1.843,0.05643,43.86,71.78,1.0835472,3.5207,0.7371,12.12,0.032586703
W-1577,Functional Business,White,12.99,5,7.11,0.206,0.3705,0.97,0.04059,37.74,149.38,1.0801137,3.3572,0.3913,12.019,0.037722908
W-1578,Flying Kite Vintners,White,10.99,5,7.02,0.5768,0.1805,1.746,0.10296,12.24,45.59,1.086076,3.4771,0.8463,9.595,0.046763737
W-1579,Lavish,White,14.99,6,6.57,0.2781,0.285,1.261,0.0396,26.52,81.48,1.0815198,3.5752,0.4823,10.807,0.031815447
W-1580,Insidious Work Wines,White,25.99,7,6.75,0.3502,0.3325,5.82,0.03366,12.24,122.22,1.081716,3.4444,0.3549,12.12,0.024358701
W-1581,Parched Wanderer,White,11.99,5,6.48,0.2472,0.2565,11.058,0.03366,40.8,168.78,1.0875257,3.488,0.4004,9.09,0.039159844
W-1582,Shorogyt Vintners,White,16.99,6,6.03,0.3914,0.247,9.2635,0.03564,35.7,88.27,1.081171,3.2482,0.3367,12.524,0.035583044
W-1583,Ferirama Vintners,White,17.99,6,6.39,0.2987,0.4655,1.164,0.03069,32.64,96.03,1.078337,3.3463,0.3003,12.322,0.032474817
W-1584,Scientific,White,14.99,6,6.39,0.2266,0.703,2.619,0.04356,42.84,139.68,1.08019,3.6079,0.3731,12.322,0.036231765
W-1585,Giddy Crow,White,16.99,6,6.03,0.6386,0.1995,1.843,0.07821,8.16,60.14,1.08673,3.8368,0.5278,9.393,0.028616025
W-1586,Railroad Vines,White,28.99,8,6.39,0.4635,0.228,2.619,0.0396,24.48,84.39,1.0775958,3.2046,0.3458,13.534,0.016044716
W-1587,Flagrant Bulb,White,12.99,5,5.76,0.1545,0.2755,1.746,0.04356,21.42,111.55,1.0809094,3.379,0.3458,10.302,0.046001815
W-1588,Passbook,White,8.99,5,5.58,0.3708,0.133,8.633,0.03564,38.76,150.35,1.0858798,3.5643,0.455,9.494,0.044712539
W-1589,Grumpy Monk,White,9.99,5,7.92,0.3502,0.3135,9.409,0.03564,46.92,166.84,1.086294,3.3572,0.364,10.302,0.046571492
W-1590,Watercolor Wines,White,7.99,4,6.21,0.7725,0.1235,6.111,0.03564,19.38,48.5,1.0825008,3.3681,0.2275,11.211,0.076985526
W-1591,Scapegoat,White,11.99,5,6.57,0.3296,0.2185,13.289,0.0495,49.98,191.09,1.088365,3.488,0.4186,8.787,0.048548831
W-1592,Exotic Fog,White,18.99,6,5.49,0.1957,0.2375,3.88,0.02277,23.46,108.64,1.081607,3.6733,0.4641,11.716,0.026440719
W-1593,Fancy Cup,White,13.99,5,5.22,0.3399,0.2185,4.85,0.05247,29.58,102.82,1.0840922,3.4117,0.4732,9.09,0.03945707
W-1594,Essentially Coherent,White,36.99,8,4.41,0.3399,0.2945,1.164,0.01584,39.78,145.5,1.0759717,3.6297,0.5369,14.14,0.017850623
